time_step,time,iteration,loss_before,loss_after,accepted,backtracks,step_scale,gradient_norm,update_norm,fs_step_norm,qgt_rank,qgt_condition_number
1,0.05,1,0.03433317050574258,0.031010035155462856,True,0,1.0,0.172116149753562,0.07473806112799056,0.010747908122337639,613,977123271057.8027
1,0.05,2,0.031010035155462856,0.027555380156154885,True,0,1.0,0.15651904577890352,0.07410746497203156,0.010368855130529256,628,994759495017.6399
1,0.05,3,0.027555380156154885,0.023889891482494208,True,0,1.0,0.1440443534674576,0.07126068739658108,0.011049962763910685,636,718650974406.4532
1,0.05,4,0.023889891482494208,0.02036453684168993,True,0,1.0,0.1336009698673652,0.06319557887682262,0.011424167550649462,636,175542989497.54593
1,0.05,5,0.02036453684168993,0.01718247380190263,True,0,1.0,0.12421580570703171,0.054630174690311874,0.011273017211508208,636,60416694305.99141
1,0.05,6,0.01718247380190263,0.014403585023789356,True,0,1.0,0.11542510118529621,0.04715367947479572,0.010803436600698173,636,26780742981.64893
1,0.05,7,0.014403585023789356,0.012020878408363744,True,0,1.0,0.10706326938270382,0.04089650719062599,0.010177459134754997,636,14324268550.572552
1,0.05,8,0.012020878408363744,0.010000605837100829,True,0,1.0,0.09908681107822835,0.03567683964526973,0.00948709719983949,636,8884258599.791672
1,0.05,9,0.010000605837100829,0.008300245510754034,True,0,1.0,0.09149601668873888,0.03129214382279983,0.008782771622798908,636,6214595279.165435
1,0.05,10,0.008300245510754034,0.00687652467550004,True,0,1.0,0.08430315256939527,0.027575150268237078,0.008092219892348727,636,4646905605.381028
1,0.05,11,0.00687652467550004,0.0056889397044288526,True,0,1.0,0.07751983256188605,0.024396383913487255,0.007430594664430147,636,3636778965.0376124
1,0.05,12,0.0056889397044288526,0.004701154696814869,True,0,1.0,0.07115246950168472,0.021656665387878672,0.0068058307076997076,636,2950140752.333854
1,0.05,13,0.004701154696814869,0.003881371541535561,True,0,1.0,0.06520120702355074,0.01927948332521087,0.006221599177334017,636,2463895346.510285
1,0.05,14,0.003881371541535561,0.0032022018972095445,True,0,1.0,0.05966032229052211,0.01720504960985793,0.005679002536866927,636,2107885758.4340365
1,0.05,15,0.0032022018972095445,0.0026403101106833304,True,0,1.0,0.05451918571545112,0.015385974577594077,0.005177584806820378,636,1839888305.26552
1,0.05,16,0.0026403101106833304,0.0021759671146462933,True,0,1.0,0.04976335623488189,0.01378417235791102,0.004715953225874216,636,1633359084.7188537
1,0.05,17,0.0021759671146462933,0.001792588485325819,True,0,1.0,0.045375622757243626,0.01236864048082997,0.004292170340179985,636,1470987841.511969
1,0.05,18,0.001792588485325819,0.0014762938998056363,True,0,1.0,0.041336914870332815,0.011113849885110544,0.003904005586513473,636,1341124296.5815732
1,0.05,19,0.0014762938998056363,0.0012155054839199098,True,0,1.0,0.037627060683217986,0.009998561491843005,0.0035490982673335,636,1235708916.3942428
1,0.05,20,0.0012155054839199098,0.0010005916240515278,True,0,1.0,0.03422539568069626,0.009004943559193242,0.003225063260093166,636,1149029552.43566
1,0.05,21,0.0010005916240515278,0.0008235568597056986,True,0,1.0,0.03111123782805748,0.008117903785326884,0.0029295589955579213,636,1076949904.407063
1,0.05,22,0.0008235568597056986,0.000677775355483301,True,0,1.0,0.02826424806800088,0.007324576865203396,0.0026603302164047355,636,1016416684.1333698
1,0.05,23,0.000677775355483301,0.0005577639698544079,True,0,1.0,0.025664695547151315,0.006613926170446162,0.002415233715769165,636,965136863.7471662
1,0.05,24,0.0005577639698544079,0.00045899039348218373,True,0,1.0,0.02329364537574141,0.005976430368689792,0.002192252533336365,636,921361330.4653186
1,0.05,25,0.00045899039348218373,0.0003777118106410571,True,0,1.0,0.02113308450487075,0.005403834097563856,0.0019895023252729563,636,883736873.3251247
1,0.05,26,0.0003777118106410571,0.00031083979856760813,True,0,1.0,0.019165998941531,0.004888947546703172,0.0018052324601658617,636,851203043.3662562
1,0.05,27,0.00031083979856760813,0.00025582757433706416,True,0,1.0,0.017376413278357764,0.0044254838197658256,0.001637823609582665,636,822918965.6930525
1,0.05,28,0.00025582757433706416,0.00021057614430164406,True,0,1.0,0.015749401509959363,0.004007925798931632,0.0014857830663050292,636,798210672.2304394
1,0.05,29,0.00021057614430164406,0.00017335635600312926,True,0,1.0,0.014271076378192657,0.0036314162821672524,0.0013477386525274542,636,776532621.7656722
1,0.05,30,0.00017335635600312926,0.00014274427222749075,True,0,1.0,0.012928563031473843,0.003291666652528035,0.0012224318209355606,636,757439172.8179902
1,0.05,31,0.00014274427222749075,0.00011756766808523889,True,0,1.0,0.011709961575195561,0.002984880434262626,0.0011087103686161924,636,740563239.1077377
1,0.05,32,0.00011756766808523889,9.686179003520756e-05,True,0,1.0,0.010604302100977396,0.002707688905438146,0.0010055210538770579,636,725600091.724719
1,0.05,33,9.686179003520756e-05,7.98328096400791e-05,True,0,1.0,0.009601494979806708,0.002457096549467262,0.0009119023134628697,636,712294925.7041131
1,0.05,34,7.98328096400791e-05,6.58276593041851e-05,True,0,1.0,0.008692278557905568,0.002230434592955932,0.0008269772114790964,636,700433311.9244841
1,0.05,35,6.58276593041851e-05,5.430915249382551e-05,True,0,1.0,0.007868165877372687,0.002025321233887008,0.0007499467040434971,636,689833648.0246962
1,0.05,36,5.430915249382551e-05,4.483547497047269e-05,True,0,1.0,0.0071213916328721925,0.0018396274395619146,0.000680083269932042,636,680341280.9444251
1,0.05,37,4.483547497047269e-05,3.7043287314242335e-05,True,0,1.0,0.006444860251099325,0.0016714474086528684,0.0006167249335396763,636,671823794.8023531
1,0.05,38,3.7043287314242335e-05,3.0633808570601495e-05,True,0,1.0,0.005832095724884052,0.001519072960363116,0.0005592696896076916,636,664167270.2952682
1,0.05,39,3.0633808570601495e-05,2.5361359310305254e-05,True,0,1.0,0.005277193634985104,0.0013809712472219356,0.0005071703274560984,636,657273262.5896668
1,0.05,40,2.5361359310305254e-05,2.102393204139741e-05,True,0,1.0,0.004774775638713339,0.0012557652944808373,0.00045992964449169334,636,651056326.8678674
2,0.1,1,0.03434205155374259,0.028314066765127932,True,0,1.0,0.2168632535110226,0.03959763540034955,0.01714917351657522,636,645442023.8677306
2,0.1,2,0.028314066765127932,0.02329896936555742,True,0,1.0,0.20069492049353857,0.03485559304127144,0.01569927243461718,636,513284899.4397121
2,0.1,3,0.02329896936555742,0.019141719866785367,True,0,1.0,0.18514980971266157,0.030794901978192304,0.014335238171334254,636,422750798.4301658
2,0.1,4,0.019141719866785367,0.01570579228856317,True,0,1.0,0.1703377875335216,0.027288771875930873,0.013063089176570241,636,358167734.6551924
2,0.1,5,0.01570579228856317,0.012872912804103076,True,0,1.0,0.15633284828965818,0.024241596322941275,0.011884368877343931,636,310541400.4049152
2,0.1,6,0.012872912804103076,0.010541873301563531,True,0,1.0,0.14317776902333243,0.021579342976636322,0.010797705710095978,636,274439128.97615206
2,0.1,7,0.010541873301563531,0.008626889838329932,True,0,1.0,0.13088972690547734,0.01924338214563196,0.00979985791007218,636,246433956.36992896
2,0.1,8,0.008626889838329932,0.007055794614369892,True,0,1.0,0.11946579540221337,0.01718640607356761,0.008886430112966562,636,224282227.96441188
2,0.1,9,0.007055794614369892,0.00576823523183545,True,0,1.0,0.10888785289748137,0.015369649354244192,0.008052370175679181,636,206467047.54940915
2,0.1,10,0.00576823523183545,0.004713980362893944,True,0,1.0,0.09912674453361647,0.013760940370994195,0.007292313779801207,636,191933766.41203272
2,0.1,11,0.004713980362893944,0.003851382549274973,True,0,1.0,0.09014568993808127,0.012333297912131523,0.006600821452765246,636,179930900.42551765
2,0.1,12,0.003851382549274973,0.0031460181311240287,True,0,1.0,0.08190300051222509,0.011063895110680481,0.005972538756642175,636,169911242.78411776
2,0.1,13,0.0031460181311240287,0.002569505516514803,True,0,1.0,0.07435419805515722,0.009933277387634849,0.0054023014186642005,636,161468578.21189728
2,0.1,14,0.002569505516514803,0.002098492192990853,True,0,1.0,0.06745363210514366,0.008924760438655154,0.004885201076852873,636,154296111.18621427
2,0.1,15,0.002098492192990853,0.0017137952862674721,True,0,1.0,0.06115568778367785,0.008023958824753182,0.004416623021059891,636,148158510.64101166
2,0.1,16,0.0017137952862674721,0.0013996781854382911,True,0,1.0,0.05541566538909094,0.0072184113336961064,0.003992264221353146,636,142872721.03086686
2,0.1,17,0.0013996781854382911,0.0011432454863899988,True,0,1.0,0.05019040092837478,0.0064972794278609775,0.0036081376852241044,636,138294530.33280665
2,0.1,18,0.0011432454863899988,0.0009339393944163277,True,0,1.0,0.04543868498427767,0.005851101838175055,0.003260567534237752,636,134309007.6444585
2,0.1,19,0.0009339393944163277,0.0007631222172845842,True,0,1.0,0.04112152663945178,0.005271592941541915,0.0029461779764400477,636,130823588.0932539
2,0.1,20,0.0007631222172845842,0.0006237313179526804,True,0,1.0,0.03720229994361222,0.004751475732132,0.002661878457455216,636,127762996.83098099
2,0.1,21,0.0006237313179526804,0.0005099946706093039,True,0,1.0,0.03364680265226645,0.004284342440626409,0.0024048466168525057,636,125065477.43382232
2,0.1,22,0.0005099946706093039,0.0004171968522810321,True,0,1.0,0.03042325058276417,0.0038645374726128112,0.002172510195387148,636,122679950.41937166
2,0.1,23,0.0004171968522810321,0.0003414868434923335,True,0,1.0,0.027502225760086114,0.003487058523535094,0.0019625286874857695,636,120563850.926689
2,0.1,24,0.0003414868434923335,0.00027972037792922677,True,0,1.0,0.024856592379375826,0.0031474726120572,0.0017727752779906878,636,118681464.33335222
2,0.1,25,0.00027972037792922677,0.0002293307702158076,True,0,1.0,0.022461391320252242,0.0028418444427795947,0.001601319417537026,636,117002635.31481817
2,0.1,26,0.0002293307702158076,0.00018822317013611478,True,0,1.0,0.020293721352893833,0.002566675022249698,0.0014464102583495993,636,115501751.43145438
2,0.1,27,0.00018822317013611478,0.00015468805631002613,True,0,1.0,0.018332613143076108,0.002318848850041398,0.001306461077861694,636,114156943.51939325
2,0.1,28,0.00015468805631002613,0.00012733050977431493,True,0,1.0,0.016558900579960203,0.002095588318462034,0.0011800347511339692,636,112949444.81432147
2,0.1,29,0.00012733050977431493,0.00010501241622573598,True,0,1.0,0.014955092723765684,0.0018944142009899544,0.0010658302870156851,636,111863077.82696778
2,0.1,30,0.00010501241622573598,8.680525176263387e-05,True,0,1.0,0.013505248725320558,0.0017131113060774707,0.0009626704117589827,636,110883837.94987603
2,0.1,31,8.680525176263387e-05,7.19515259689496e-05,True,0,1.0,0.012194857345516926,0.0015496985307154856,0.000869490163260502,636,109999555.09312116
2,0.1,32,7.19515259689496e-05,5.9833303032275076e-05,True,0,1.0,0.011010722151786138,0.0014024026754830892,0.0007853264462368318,636,109199615.76585387
2,0.1,33,5.9833303032275076e-05,4.994650663603384e-05,True,0,1.0,0.009940853052741689,0.0012696354862616788,0.0007093084912417786,636,108474732.885082
2,0.1,34,4.994650663603384e-05,4.1879949699952235e-05,True,0,1.0,0.008974364521019233,0.00114997347201353,0.0006406491568691708,636,107816756.40768269
2,0.1,35,4.1879949699952235e-05,3.5298222140767166e-05,True,0,1.0,0.008101380624449761,0.0010421401170722922,0.0005786370135962746,636,107218513.94484775
2,0.1,36,3.5298222140767166e-05,2.9927728595224856e-05,True,0,1.0,0.0073129468184455265,0.0009449901628363682,0.0005226291486290566,636,106673677.41902561
2,0.1,37,2.9927728595224856e-05,2.5545297203333206e-05,True,0,1.0,0.0066009483334082165,0.0008574956804032741,0.0004720446332248053,636,106176651.26782857
2,0.1,38,2.5545297203333206e-05,2.1968886522949482e-05,True,0,1.0,0.005958034908708454,0.0007787336939673041,0.0004263585968174483,636,105722475.75807478
2,0.1,39,2.1968886522949482e-05,1.9050004773424334e-05,True,0,1.0,0.005377551570534207,0.0007078751465410327,0.0003850968555568126,636,105306747.63124599
2,0.1,40,1.9050004773424334e-05,1.6667525871483235e-05,True,0,1.0,0.004853475117817796,0.0006441750261604194,0.00034783104637525595,636,104925549.55980785
3,0.15000000000000002,1,0.03443732012203515,0.02830654566532098,True,0,1.0,0.25565170783643487,0.02948793909247792,0.017588509589053263,636,104575391.87040897
3,0.15000000000000002,2,0.02830654566532098,0.023227219363267326,True,0,1.0,0.23534567055012534,0.026347097726510116,0.01603257372456567,636,92952551.05353679
3,0.15000000000000002,3,0.023227219363267326,0.019032393674737524,True,0,1.0,0.21607733554543618,0.023560311458287447,0.014587744673406842,636,83851184.48325445
3,0.15000000000000002,4,0.019032393674737524,0.015577162173715409,True,0,1.0,0.19792896797829476,0.021084190843680174,0.013253175665169722,636,76599039.72431783
3,0.15000000000000002,5,0.015577162173715409,0.012737305488878081,True,0,1.0,0.18094245944024398,0.018881477021850487,0.012025762768110524,636,70732624.96634617
3,0.15000000000000002,6,0.012737305488878081,0.010407393158047173,True,0,1.0,0.16512756265420797,0.01691992193099233,0.010900870599794124,636,65924558.97295975
3,0.15000000000000002,7,0.010407393158047173,0.008498655077805228,True,0,1.0,0.15046938036521973,0.015171459733592454,0.009872894389626222,636,61938537.32826207
3,0.15000000000000002,8,0.008498655077805228,0.006936829558497171,True,0,1.0,0.1369348197059219,0.013611569744740678,0.008935684870754142,636,58600647.60898866
3,0.15000000000000002,9,0.006936829558497171,0.00566011510415898,True,0,1.0,0.12447794693895625,0.012218769359130513,0.008082861592679805,636,55780634.661907025
3,0.15000000000000002,10,0.00566011510415898,0.004617296160027817,True,0,1.0,0.11304430047256919,0.010974198880295681,0.0073080377591617195,636,53379385.77732859
3,0.15000000000000002,11,0.004617296160027817,0.0037660744918383005,True,0,1.0,0.10257427932774094,0.009861274310272464,0.006604976445997852,636,51320395.69396569
3,0.15000000000000002,12,0.0037660744918383005,0.0030716130187558033,True,0,1.0,0.0930057451491904,0.008865392637074091,0.005967694640136498,636,49543834.494056314
3,0.15000000000000002,13,0.0030716130187558033,0.0025052839170741636,True,0,1.0,0.08427597510281133,0.007973679221446832,0.00539052833068451,636,48002353.13185158
3,0.15000000000000002,14,0.0025052839170741636,0.002043604567274815,True,0,1.0,0.0763230911681382,0.007174769928639325,0.004868169058435741,636,46658070.36307279
3,0.15000000000000002,15,0.002043604567274815,0.0016673411309588992,True,0,1.0,0.06908707482973812,0.00645862251789528,0.0043956799573976555,636,45480376.133535154
3,0.15000000000000002,16,0.0016673411309588992,0.001360758566522069,True,0,1.0,0.06251045867856042,0.005816352989954358,0.003968497391666278,636,44444308.72089197
3,0.15000000000000002,17,0.001360758566522069,0.0011109965849565029,True,0,1.0,0.056538769909074985,0.005240093389276955,0.0035824227592491675,636,43529340.76401711
3,0.15000000000000002,18,0.0011109965849565029,0.0009075526475901263,True,0,1.0,0.051120786046006526,0.004722868126924194,0.0032336078417855765,636,42718460.33310607
3,0.15000000000000002,19,0.0009075526475901263,0.0007418551255182759,True,0,1.0,0.04620865075175227,0.004258486323400071,0.0029185361645798764,636,41997468.52921286
3,0.15000000000000002,20,0.0007418551255182759,0.0006069118724112421,True,0,1.0,0.041757887216351944,0.0038414480187222854,0.0026340021389286176,636,41354435.71127072
3,0.15000000000000002,21,0.0006069118724112421,0.0004970215291228985,True,0,1.0,0.03772733821772987,0.0034668623871621364,0.0023770892401552505,636,40779278.56750609
3,0.15000000000000002,22,0.0004970215291228985,0.0004075367855337353,True,0,1.0,0.0340790551984953,0.0031303763415522234,0.0021451480902329053,636,40263426.44214794
3,0.15000000000000002,23,0.0004075367855337353,0.000334670527604386,True,0,1.0,0.03077815336536165,0.00282811212567842,0.001935775031419633,636,39799556.838970244
3,0.15000000000000002,24,0.000334670527604386,0.0002753372850626823,True,0,1.0,0.027792645625464497,0.002556612678279417,0.001746791571839112,636,39381384.17140266
3,0.15000000000000002,25,0.0002753372850626823,0.00022702367221816289,True,0,1.0,0.025093264908586845,0.0023127937125036915,0.0015762249359968596,636,39003489.17671807
3,0.15000000000000002,26,0.00022702367221816289,0.0001876826003087695,True,0,1.0,0.02265328189772534,0.0020939015929470396,0.0014222898479740724,636,38661180.73010107
3,0.15000000000000002,27,0.0001876826003087695,0.00015564695197933798,True,0,1.0,0.02044832324753088,0.0018974762117889147,0.0012833716012796005,636,38350383.18593017
3,0.15000000000000002,28,0.00015564695197933798,0.00012955917191992405,True,0,1.0,0.018456193885140176,0.0017213181680344881,0.0011580104186038548,636,38067543.3075681
3,0.15000000000000002,29,0.00012955917191992405,0.00010831386207932336,True,0,1.0,0.016656705860084383,0.0015634596427011316,0.0010448870707388555,636,37809553.86870431
3,0.15000000000000002,30,0.00010831386207932336,9.101099396635615e-05,True,0,1.0,0.015031515359426203,0.0014221384407068893,0.0009428097020311067,636,37573689.74747927
3,0.15000000000000002,31,9.101099396635615e-05,7.691778450080733e-05,True,0,1.0,0.013563968868040916,0.0012957747402266824,0.0008507017964575603,636,37357554.72811533
3,0.15000000000000002,32,7.691778450080733e-05,6.543763749911058e-05,True,0,1.0,0.012238958982847322,0.0011829501567620975,0.000767591211266325,636,37159036.707695864
3,0.15000000000000002,33,6.543763749911058e-05,5.608484530206237e-05,True,0,1.0,0.011042790045250089,0.0010823887951453054,0.0006926002022132863,636,36976269.93326192
3,0.15000000000000002,34,5.608484530206237e-05,4.846398523306039e-05,True,0,1.0,0.009963053508274792,0.000992940032226709,0.0006249363644336587,636,36807602.90691397
3,0.15000000000000002,35,4.846398523306039e-05,4.2253141188108856e-05,True,0,1.0,0.008988512780722243,0.0009135628485890831,0.0005638844149433392,636,36651571.08885716
3,0.15000000000000002,36,4.2253141188108856e-05,3.719024145243388e-05,True,0,1.0,0.008108997172168203,0.0008433116086449322,0.0005087987459486357,636,36506873.63179073
3,0.15000000000000002,37,3.719024145243388e-05,3.306193457452977e-05,True,0,1.0,0.007315304486080652,0.0007813232714127128,0.0004590966820859972,636,36372353.109815955
3,0.15000000000000002,38,3.306193457452977e-05,2.9694532484692004e-05,True,0,1.0,0.006599111763020427,0.000726806089157939,0.0004142523790424349,636,36246978.45269316
3,0.15000000000000002,39,2.9694532484692004e-05,2.694663673308284e-05,True,0,1.0,0.00595289365373801,0.0006790299040017058,0.0003737913054981498,636,36129829.87647124
3,0.15000000000000002,40,2.694663673308284e-05,2.470313535218871e-05,True,0,1.0,0.005369847896663707,0.0006373181663192404,0.000337285254797729,636,36020085.971048504
4,0.2,1,0.034592419610201874,0.02841045048303259,True,0,1.0,0.28839745081312446,0.024866196187808873,0.017766735091581207,636,35917012.28387442
4,0.2,2,0.02841045048303259,0.02329356583005482,True,0,1.0,0.26461602357730235,0.02235947642647842,0.016178746823035762,636,33168134.001924977
4,0.2,3,0.02329356583005482,0.019071694542038276,True,0,1.0,0.2422281472927028,0.020102443579951213,0.014707357226614702,636,30905290.916663732
4,0.2,4,0.019071694542038276,0.015597438575090883,True,0,1.0,0.22128676310550283,0.018072338013812982,0.013350698111220584,636,29022860.410169184
4,0.2,5,0.015597438575090883,0.012744606861399888,True,0,1.0,0.2018040145414083,0.016247820507939676,0.012104872642645113,636,27442159.289886825
4,0.2,6,0.012744606861399888,0.010406223139691306,True,0,1.0,0.18376078490021305,0.014609057335174369,0.010964616615573393,636,26103680.03268471
4,0.2,7,0.010406223139691306,0.008492317333057109,True,0,1.0,0.1671149304812712,0.01313776016437928,0.009923818050472415,636,24961783.908264328
4,0.2,8,0.008492317333057109,0.00692770567922163,True,0,1.0,0.15180812042040076,0.011817181842509822,0.008975913221318051,636,23981014.504197866
4,0.2,9,0.00692770567922163,0.005649885557626244,True,0,1.0,0.13777134704933047,0.010632075326644671,0.008114179694017265,636,23133496.957029972
4,0.2,10,0.005649885557626244,0.004607114144427382,True,0,1.0,0.12492924969575435,0.0095686251288439,0.007331946449267304,636,22397075.79856184
4,0.2,11,0.004607114144427382,0.0037567013871991906,True,0,1.0,0.11320342569728686,0.008614360423902383,0.006622739087818667,636,21753963.07391393
4,0.2,12,0.0037567013871991906,0.0030635229155970833,True,0,1.0,0.10251490442576737,0.007758057662551,0.005980375403079218,636,21189744.040612888
4,0.2,13,0.0030635229155970833,0.002498743532400427,True,0,1.0,0.09278594658453847,0.006989638862501734,0.005399023815575278,636,20692636.80343716
4,0.2,14,0.002498743532400427,0.0020387337715286336,True,0,1.0,0.08394131047944349,0.0063000701151690345,0.004873234594866676,636,20252934.89882731
4,0.2,15,0.0020387337715286336,0.0016641583429050089,True,0,1.0,0.0759091044957942,0.005681263431212462,0.004397951578214789,636,19862582.872803085
4,0.2,16,0.0016641583429050089,0.0013592144399999784,True,0,1.0,0.06862132346825084,0.005125983912551879,0.003968510263477869,636,19514850.053067952
4,0.2,17,0.0013592144399999784,0.0011109987106908692,True,0,1.0,0.06201414738236847,0.004627763375516812,0.0035806266850718035,636,19204077.370659452
4,0.2,18,0.0011109987106908692,0.0009089834143610753,True,0,1.0,0.056028064395882454,0.004180820922810105,0.0032303803309216674,636,18925479.079398308
4,0.2,19,0.0009089834143610753,0.0007445844160515191,True,0,1.0,0.050607866525569284,0.003779990525123554,0.002914193472311586,636,18674986.28427322
4,0.2,20,0.0007445844160515191,0.0006108058915016423,True,0,1.0,0.045702555274959186,0.0034206553831409806,0.002628808606293396,636,18449122.38453133
4,0.2,21,0.0006108058915016423,0.0005019487632207387,True,0,1.0,0.041265185639291074,0.003098688658619065,0.002371265206496505,636,18244903.240287274
4,0.2,22,0.0005019487632207387,0.0004133718569403477,True,0,1.0,0.03725266995567404,0.002810400060476806,0.002138876604789685,636,18059756.617419817
4,0.2,23,0.0004133718569403477,0.00034129652301306823,True,0,1.0,0.03362555762807176,0.0025524877248666233,0.0019292075523808811,636,17891456.61758525
4,0.2,24,0.00034129652301306823,0.00028264699518731895,True,0,1.0,0.03034780254860995,0.0023219948226837457,0.0017400528102449258,636,17738070.164755017
4,0.2,25,0.00028264699518731895,0.0002349200695772602,True,0,1.0,0.027386526804669176,0.0021162703533840325,0.0015694169762543115,636,17597912.91337425
4,0.2,26,0.0002349200695772602,0.00019607879761418534,True,0,1.0,0.024711786796029808,0.001932933635265358,0.0014154956555465462,636,17469512.75055593
4,0.2,27,0.00019607879761418534,0.0001644658194078774,True,0,1.0,0.022296346018829478,0.0017698420769704701,0.0012766580104879779,636,17351579.481466796
4,0.2,28,0.0001644658194078774,0.00013873274303344285,True,0,1.0,0.020115457368383913,0.00162506191071212,0.0011514306788081609,636,17242979.406387467
4,0.2,29,0.00013873274303344285,0.00011778262086648006,True,0,1.0,0.018146656764791044,0.001496841681569048,0.0010384830169338905,636,17142714.00468972
4,0.2,30,0.00011778262086648006,0.00010072310878561641,True,0,1.0,0.016369569130330122,0.0013835884102680223,0.0009366136056515965,636,17049901.87973919
4,0.2,31,0.00010072310878561641,8.682833362427811e-05,True,0,1.0,0.014765727181452967,0.0012838464650065293,0.0008447379436327605,636,16963763.531578854
4,0.2,32,8.682833362427811e-05,7.550785623089418e-05,True,0,1.0,0.013318403090404635,0.0011962792679792644,0.0007618772485714628,636,16883608.24818317
4,0.2,33,7.550785623089418e-05,6.628141373143936e-05,True,0,1.0,0.012012452783748016,0.0011196539987746801,0.0006871482839331794,636,16808823.022243008
4,0.2,34,6.628141373143936e-05,5.875836761326525e-05,True,0,1.0,0.010834172447534707,0.0010528294161185196,0.0006197541302744897,636,16738862.93591516
4,0.2,35,5.875836761326525e-05,5.262098250080616e-05,True,0,1.0,0.009771166678925624,0.0009947467931689885,0.0005589758228431613,636,16673242.968530757
4,0.2,36,5.262098250080616e-05,4.761082273874173e-05,True,0,1.0,0.008812227644279007,0.0009444237637717891,0.0005041647810223697,636,16611530.820969565
4,0.2,37,4.761082273874173e-05,4.3517686178717874e-05,True,0,1.0,0.007947224560911077,0.000900950648508281,0.0004547359596779219,636,16553340.722403789
4,0.2,38,4.3517686178717874e-05,4.017060235705916e-05,True,0,1.0,0.007167002803811483,0.0008634886272963582,0.0004101616572672069,636,16498328.086892823
4,0.2,39,4.017060235705916e-05,3.743051023152866e-05,True,0,1.0,0.006463291941919805,0.0008312690055658059,0.00036996592044339656,636,16446184.788965326
4,0.2,40,3.743051023152866e-05,3.518430233528935e-05,True,0,1.0,0.00582862202541158,0.0008035928175954963,0.00033371948968924473,636,16396635.063310605
5,0.25,1,0.034768976008958896,0.028546353888889153,True,0,1.0,0.31617017211921306,0.02228134820557322,0.017878362027996808,636,16349431.87498139
5,0.25,2,0.028546353888889153,0.023397490461499526,True,0,1.0,0.28941706610089674,0.02011036816318021,0.016274112187469637,636,15376719.204143954
5,0.25,3,0.023397490461499526,0.019150781630479785,True,0,1.0,0.26436428457103833,0.01813969952493945,0.014788502783577854,636,14553092.865758203
5,0.25,4,0.019150781630479785,0.0156574835721236,True,0,1.0,0.24103917867379887,0.016355004163865764,0.013419434237690155,636,13850869.729849147
5,0.25,5,0.0156574835721236,0.012790250410134818,True,0,1.0,0.21942809918006528,0.014741782297919639,0.012162807321003432,636,13248355.55918283
5,0.25,6,0.012790250410134818,0.010441134533860863,True,0,1.0,0.19948693917026958,0.013285777815960065,0.011013176977867833,636,12728379.742551958
5,0.25,7,0.010441134533860863,0.008519362923456564,True,0,1.0,0.18114997169854438,0.011973270660529008,0.009964267918753746,636,12277225.933758598
5,0.25,8,0.008519362923456564,0.006949098117700725,True,0,1.0,0.16433701615959245,0.010791272028397511,0.009009368484063902,636,11883842.299936147
5,0.25,9,0.006949098117700725,0.0056673124348110004,True,0,1.0,0.1489590870258509,0.009727641113636288,0.008141622411883997,636,11539251.844454423
5,0.25,10,0.0056673124348110004,0.004621846413978781,True,0,1.0,0.1349227325141726,0.008771141702277893,0.007354238060857573,636,11236107.63848039
5,0.25,11,0.004621846413978781,0.0037696830912409274,True,0,1.0,0.12213328280468706,0.007911454758376717,0.006640632823152611,636,10968354.205645073
5,0.25,12,0.0037696830912409274,0.003075444305585484,True,0,1.0,0.11049721556254602,0.007139160300807934,0.005994527899239853,636,10730967.358495302
5,0.25,13,0.003075444305585484,0.0025100998824028053,True,0,1.0,0.09992382283683121,0.006445698998636687,0.005410005896079011,636,10519752.62309608
5,0.25,14,0.0025100998824028053,0.0020498721445474377,True,0,1.0,0.09032633554894386,0.005823321337905701,0.004881541179955699,636,10331187.843474053
5,0.25,15,0.0020498721445474377,0.001675314397294514,True,0,1.0,0.0816226341392147,0.005265030063574895,0.004404010713894384,636,10162299.283787599
5,0.25,16,0.001675314397294514,0.0013705411229456566,True,0,1.0,0.07373564878680816,0.004764519892500482,0.003972691280371819,636,10010563.439970724
5,0.25,17,0.0013705411229456566,0.0011225884241256034,True,0,1.0,0.06659353090029846,0.0043161171859444035,0.0035832475183303005,636,9873828.671005324
5,0.25,18,0.0011225884241256034,0.0009208849849253742,True,0,1.0,0.060129659472086046,0.003914721300107562,0.003231714047447036,636,9750252.238126539
5,0.25,19,0.0009208849849253742,0.000756815966779123,True,0,1.0,0.05428253117040422,0.0035557486356611245,0.002914474061336327,636,9638249.411375543
5,0.25,20,0.000756815966779123,0.0006233645091164863,True,0,1.0,0.048995571295716356,0.003235079923849228,0.0026282360945320267,636,9536452.069197988
5,0.25,21,0.0006233645091164863,0.000514817679098778,True,0,1.0,0.04421689348746105,0.002949010970513212,0.002370010160710659,636,9443674.858203853
5,0.25,22,0.000514817679098778,0.00042652571438162035,True,0,1.0,0.03989902888075494,0.002694206893365395,0.002137084083594286,636,9358887.338944772
5,0.25,23,0.00042652571438162035,0.00035470518259639316,True,0,1.0,0.03599863987748449,0.0024676598047152086,0.001927000566359612,636,9281190.958621914
5,0.25,24,0.00035470518259639316,0.0002962782324920088,True,0,1.0,0.03247622946805802,0.0022666498884171163,0.0017375353455769138,636,9209799.933289478
5,0.25,25,0.0002962782324920088,0.00024874144120801134,True,0,1.0,0.02929585383516786,0.0020887098751706883,0.0015666766326102902,636,9144025.265746586
5,0.25,26,0.00024874144120801134,0.00021005888850977872,True,0,1.0,0.02642484355957158,0.0019315930091191246,0.0014126059443491817,636,9083261.33657325
5,0.25,27,0.00021005888850977872,0.00017857503546059306,True,0,1.0,0.02383353694771644,0.0017932446900299221,0.001273680354990353,636,9026974.619825188
5,0.25,28,0.00017857503546059306,0.00015294377368613166,True,0,1.0,0.021495027668729596,0.001671778032845095,0.0011484161530044082,636,8974694.101222677
5,0.25,29,0.00015294377368613166,0.00013207066656162336,True,0,1.0,0.0193849279120264,0.0015654535723303047,0.0010354738561513383,636,8926003.171282787
5,0.25,30,0.00013207066656162336,0.00011506594418408955,True,0,1.0,0.01748114757044689,0.0014726632291278737,0.0009336445178598451,636,8880532.674773203
5,0.25,31,0.00011506594418408955,0.00010120625970000408,True,0,1.0,0.01576368945079465,0.001391918440824192,0.0008418372470348548,636,8837954.9864834
5,0.25,32,0.00010120625970000408,8.990358010430022e-05,True,0,1.0,0.014214460163304228,0.0013218420776241768,0.0007590678579366257,636,8797978.883482505
5,0.25,33,8.990358010430022e-05,8.067988488369426e-05,True,0,1.0,0.012817096104963012,0.0012611634661716822,0.0006844485653538407,636,8760345.15857698
5,0.25,34,8.067988488369426e-05,7.314659070933871e-05,True,0,1.0,0.011556803799481681,0.0012087156119992724,0.0006171786415795932,636,8724822.80291565
5,0.25,35,7.314659070933871e-05,6.69878212292696e-05,True,0,1.0,0.010420213766462611,0.0011634336036463108,0.0005565359547256944,636,8691205.694411
5,0.25,36,6.69878212292696e-05,6.194680451387935e-05,True,0,1.0,0.00939524704735559,0.001124353229754476,0.0005018693120332188,636,8659309.726332823
5,0.25,37,6.194680451387935e-05,5.781481406474942e-05,True,0,1.0,0.0084709935031903,0.0010906090282412093,0.00045259153656033497,636,8628970.284097182
5,0.25,38,5.781481406474942e-05,5.4422178481394745e-05,True,0,1.0,0.007637601009369743,0.0010614312624587388,0.00040817321062959266,636,8600040.051393418
5,0.25,39,5.4422178481394745e-05,5.1630972769500794e-05,True,0,1.0,0.006886174698943466,0.0010361416164163281,0.00036813702447863346,636,8572387.074009517
5,0.25,40,5.1630972769500794e-05,4.932907729138236e-05,True,0,1.0,0.006208685442177353,0.001014147659188179,0.00033205267350062495,636,8545893.082844764
6,0.30000000000000004,1,0.034922278665259654,0.02866776247351599,True,0,1.0,0.33936397238668675,0.020756755643450336,0.017955785655506092,636,8520451.96612996
6,0.30000000000000004,2,0.02866776247351599,0.023493536602491427,True,0,1.0,0.31006617673566084,0.01878017992686783,0.016340948417047564,636,8095985.196222594
6,0.30000000000000004,3,0.023493536602491427,0.019226990987376125,True,0,1.0,0.28273864213465266,0.016977676505052563,0.014845722524973485,636,7730796.66123009
6,0.30000000000000004,4,0.019226990987376125,0.015718434163708106,True,0,1.0,0.2573854108240584,0.015338920968080313,0.013467998441125844,636,7415075.275406188
6,0.30000000000000004,5,0.015718434163708106,0.012839664962598252,True,0,1.0,0.2339694918373764,0.013852806749974517,0.012203647896438774,636,7140839.458380797
6,0.30000000000000004,6,0.012839664962598252,0.010481989148864002,True,0,1.0,0.21242426184215507,0.01250794397802472,0.011047181011445478,636,6901567.054178255
6,0.30000000000000004,7,0.010481989148864002,0.008553999196169504,True,0,1.0,0.1926628231297601,0.0112930327086743,0.009992266120565547,636,6691903.511286406
6,0.30000000000000004,8,0.008553999196169504,0.006979330255103111,True,0,1.0,0.174585449351071,0.010197127851027912,0.009032127851522275,636,6507431.582483416
6,0.30000000000000004,9,0.006979330255103111,0.0056945244768273895,True,0,1.0,0.15808534752183656,0.009209815642187808,0.008159842591088578,636,6344489.311180806
6,0.30000000000000004,10,0.0056945244768273895,0.0046470772620783585,True,0,1.0,0.14305299986596653,0.008321320996313978,0.007368550685199561,636,6200025.900454538
6,0.30000000000000004,11,0.0046470772620783585,0.003793698805383827,True,0,1.0,0.12937934585316282,0.007522562843933829,0.006651603085046294,636,6071487.288642561
6,0.30000000000000004,12,0.003793698805383827,0.003098798217093468,True,0,1.0,0.11695804101461774,0.006805171707738943,0.006002657682679716,636,5956725.001874696
6,0.30000000000000004,13,0.003098798217093468,0.0025331816678069163,True,0,1.0,0.10568699645732003,0.006161480838895787,0.005415737909813998,636,5853923.312673297
6,0.30000000000000004,14,0.0025331816678069163,0.0020729472699110296,True,0,1.0,0.09546936852595311,0.005584499590954894,0.004885263650997654,636,5761540.788181648
6,0.30000000000000004,15,0.0020729472699110296,0.0016985553937483022,True,0,1.0,0.08621413567080316,0.00506787547681425,0.004406062311742233,636,5678263.192297897
6,0.30000000000000004,16,0.0016985553937483022,0.0013940520803887857,True,0,1.0,0.07783637109366527,0.004605849565522325,0.003973366036305783,636,5602965.378064929
6,0.30000000000000004,17,0.0013940520803887857,0.0011464239515946995,True,0,1.0,0.07025729574055083,0.004193208501327868,0.00358279957962187,636,5534680.309239471
6,0.30000000000000004,18,0.0011464239515946995,0.0009450647205984097,True,0,1.0,0.0634041765787917,0.0038252354135790523,0.0032303621644768307,636,5472573.768561921
6,0.30000000000000004,19,0.0009450647205984097,0.0007813355529464605,True,0,1.0,0.057210119388185855,0.0034976612736263694,0.0029124057488412857,636,5415923.608370445
6,0.30000000000000004,20,0.0007813355529464605,0.000648203789790025,True,0,1.0,0.05161379293569584,0.0032066177875230526,0.0026256114393103337,636,5364102.659941429
6,0.30000000000000004,21,0.000648203789790025,0.0005399467379663125,True,0,1.0,0.04655911180526566,0.002948592637767796,0.002366965269733577,636,5316564.5756563395
6,0.30000000000000004,22,0.0005399467379663125,0.0004519092494950083,True,0,1.0,0.04199489778225961,0.0027203877520290366,0.002133734180920272,636,5272832.065367515
6,0.30000000000000004,23,0.0004519092494950083,0.00038030561298785237,True,0,1.0,0.03787453408233971,0.002519081226784337,0.001923442756383243,636,5232487.06385052
6,0.30000000000000004,24,0.00038030561298785237,0.0003220578474919522,True,0,1.0,0.034155622482212766,0.0023419935103212663,0.0017338510654754888,636,5195162.48521041
6,0.30000000000000004,25,0.0003220578474919522,0.0002746638352175701,True,0,1.0,0.03079965024210629,0.0021866583913789576,0.0015629338194906265,636,5160535.279862452
6,0.30000000000000004,26,0.0002746638352175701,0.00023608986894507744,True,0,1.0,0.027771671359201767,0.002050799195485774,0.001408860943413224,636,5128320.546503335
6,0.30000000000000004,27,0.00023608986894507744,0.00020468314805910381,True,0,1.0,0.025040004962313112,0.0019323103315519966,0.0012699795946403821,636,5098266.550665407
6,0.30000000000000004,28,0.00020468314805910381,0.00017910055472747377,True,0,1.0,0.02257595240023012,0.001829243968008642,0.001144797611653887,636,5070150.464240198
6,0.30000000000000004,29,0.00017910055472747377,0.00015825070462982538,True,0,1.0,0.02035353367236023,0.0017398012040658595,0.0010319683439018706,636,5043774.718015174
6,0.30000000000000004,30,0.00015825070462982538,0.0001412468133253908,True,0,1.0,0.018349243212164898,0.001662326726029032,0.0009302767943750118,636,5018963.879813472
6,0.30000000000000004,31,0.0001412468133253908,0.0001273683693304717,True,0,1.0,0.016541824593148336,0.001595305692062708,0.0008386269950330182,636,4995561.9487535935
6,0.30000000000000004,32,0.0001273683693304717,0.00011602997512605295,True,0,1.0,0.014912063432669466,0.001537361534713508,0.0007560305298243182,636,4973430.035568713
6,0.30000000000000004,33,0.00011602997512605295,0.0001067560195748829,True,0,1.0,0.01344259758199546,0.0014872535191913934,0.0006815961187071086,636,4952444.327426103
6,0.30000000000000004,34,0.0001067560195748829,9.916009323340802e-05,True,0,1.0,0.012117743582272444,0.0014438732008202916,0.0006145201774609886,636,4932494.339989768
6,0.30000000000000004,35,9.916009323340802e-05,9.292826012685662e-05,True,0,1.0,0.010923338313989195,0.0014062393072578035,0.0005540782712428026,636,4913481.374521358
6,0.30000000000000004,36,9.292826012685662e-05,8.780546471598427e-05,True,0,1.0,0.009846594755445023,0.0013734909430342564,0.0004996173840839471,636,4895317.188008084
6,0.30000000000000004,37,8.780546471598427e-05,8.358448708967181e-05,True,0,1.0,0.008875970781703395,0.0013448793104083503,0.00045054893137923876,636,4877922.804035608
6,0.30000000000000004,38,8.358448708967181e-05,8.009696925725951e-05,True,0,1.0,0.008001049970396131,0.0013197583289179954,0.0004063424475334108,636,4861227.493148099
6,0.30000000000000004,39,8.009696925725951e-05,7.72061245282174e-05,True,0,1.0,0.007212433428075459,0.0012975746165167711,0.0003665198860941281,636,4845167.857138377
6,0.30000000000000004,40,7.72061245282174e-05,7.48008141915335e-05,True,0,1.0,0.006501641705556724,0.001277857288546305,0.0003306504747415263,636,4829687.030184818
7,0.35000000000000003,1,0.03500767278684258,0.028736248525532804,True,0,1.0,0.35820391985138683,0.019867095219273878,0.018000527860121355,636,4814733.968278761
7,0.35000000000000003,2,0.028736248525532804,0.023549480130611755,True,0,1.0,0.3267519178383637,0.018005608593876715,0.016378038202478278,636,4610578.978287649
7,0.35000000000000003,3,0.023549480130611755,0.019274049724422593,True,0,1.0,0.29750959631969986,0.016305036061524676,0.014875745211035764,636,4432889.743348571
7,0.35000000000000003,4,0.019274049724422593,0.015759572731807392,True,0,1.0,0.2704588133544864,0.01475679688718517,0.013491608534662821,636,4277582.152866808
7,0.35000000000000003,5,0.015759572731807392,0.012877211852391324,True,0,1.0,0.2455407228278145,0.013351366675378923,0.012221531438652053,636,4141284.1791782137
7,0.35000000000000003,6,0.012877211852391324,0.010517716222720352,True,0,1.0,0.22266787511045538,0.012078771023748379,0.011060025197701757,636,4021202.3313027215
7,0.35000000000000003,7,0.010517716222720352,0.008589209277949261,True,0,1.0,0.2017339860365643,0.010928961820076754,0.010000736492453617,636,3915012.853624877
7,0.35000000000000003,8,0.008589209277949261,0.007014943226762771,True,0,1.0,0.1826215869608413,0.00989209098784793,0.00903685242634252,636,3820773.818531877
7,0.35000000000000003,9,0.007014943226762771,0.005731156205271093,True,0,1.0,0.16520784927133647,0.008958699041470073,0.008161401847578237,636,3736854.450118484
7,0.35000000000000003,10,0.005731156205271093,0.004685108536431448,True,0,1.0,0.1493688960000676,0.00811983572019366,0.007367472198582334,636,3661878.4252446163
7,0.35000000000000003,11,0.004685108536431448,0.0038333333950077986,True,0,1.0,0.13498289671385738,0.007367128330984354,0.00664835966516915,636,3594678.401499954
7,0.35000000000000003,12,0.0038333333950077986,0.003140110356628756,True,0,1.0,0.12193220756736398,0.006692811083510601,0.00599766802115287,636,3534259.5022525894
7,0.35000000000000003,13,0.003140110356628756,0.002576153939500281,True,0,1.0,0.11010477770644904,0.006089726204861043,0.005409368925188896,636,3479769.9385874923
7,0.35000000000000003,14,0.002576153939500281,0.0021175001539898153,True,0,1.0,0.0993950028132534,0.005551305309625512,0.004877833900489474,636,3430477.302302256
7,0.35000000000000003,15,0.0021175001539898153,0.00174456982936666,True,0,1.0,0.08970416994634203,0.005071537536959927,0.004397845996664596,636,3385749.3732491666
7,0.35000000000000003,16,0.00174456982936666,0.00144138631648294,True,0,1.0,0.08094060638077587,0.004644929406933897,0.003964597259954996,636,3345038.5100374254
7,0.35000000000000003,17,0.00144138631648294,0.0011949258341457103,True,0,1.0,0.07301961914090412,0.004266460182615507,0.003573676620607178,636,3307868.899254111
7,0.35000000000000003,18,0.0011949258341457103,0.0009945804026801897,True,0,1.0,0.06586329096776473,0.003931535700168691,0.0032210516082598543,636,3273826.067355307
7,0.35000000000000003,19,0.0009945804026801897,0.0008317154503016955,True,0,1.0,0.05940018192186191,0.0036359430675280816,0.0029030463794927717,636,3242548.1984223328
7,0.35000000000000003,20,0.0008317154503016955,0.0006993064526109594,True,0,1.0,0.05356497296415894,0.0033758082349136668,0.002616317836299211,636,3213718.878560479
7,0.35000000000000003,21,0.0006993064526109594,0.0005916411748263517,True,0,1.0,0.04829807798893295,0.0031475581007492106,0.002357831084653026,636,3187060.9961223197
7,0.35000000000000003,22,0.0005916411748263517,0.0005040761250146852,True,0,1.0,0.04354524328704031,0.0029478884339467675,0.0021248350895522743,636,3162331.556964078
7,0.35000000000000003,23,0.0005040761250146852,0.00043283764527457524,True,0,1.0,0.03925714777989621,0.0027737383984201354,0.0019148390949400922,636,3139317.253617929
7,0.35000000000000003,24,0.00043283764527457524,0.0003748596545622984,True,0,1.0,0.03538901316033398,0.0026222718434164,0.0017255901681859835,636,3117830.6541456375
7,0.35000000000000003,25,0.0003748596545622984,0.00032765141744783843,True,0,1.0,0.03190022996984191,0.0024908648288418616,0.0015550520794347894,636,3097706.910708601
7,0.35000000000000003,26,0.00032765141744783843,0.00028918986641868205,True,0,1.0,0.02875400336743869,0.002377098201700461,0.0014013856207416022,636,3078800.8986094384
7,0.35000000000000003,27,0.00028918986641868205,0.00025783197325845997,True,0,1.0,0.025917020698859292,0.0022787535641888503,0.0012629303968796964,636,3060984.7381500113
7,0.35000000000000003,28,0.00025783197325845997,0.0002322434727038969,True,0,1.0,0.02335914179791822,0.0021938107817707367,0.0011381880702577842,636,3044145.6345678642
7,0.35000000000000003,29,0.0002322434727038969,0.0002113409102291186,True,0,1.0,0.021053112125305452,0.0021204453044077268,0.0010258070100011966,636,3028183.9977264195
7,0.35000000000000003,30,0.0002113409102291186,0.00019424453875260816,True,0,1.0,0.01897429828202209,0.002057023963744574,0.0009245682750667745,636,3013011.8084636442
7,0.35000000000000003,31,0.00019424453875260816,0.0001802400432442397,True,0,1.0,0.01710044505738771,0.0020020984492684674,0.0008333728497442833,636,2998551.1925027934
7,0.35000000000000003,32,0.0001802400432442397,0.00016874744528327934,True,0,1.0,0.015411452932951495,0.0019543962233618405,0.000751230044411113,636,2984733.1781773423
7,0.35000000000000003,33,0.00016874744528327934,0.00015929584509555283,True,0,1.0,0.013889174825724989,0.001912809099624196,0.0006772469730754081,636,2971496.6204130524
7,0.35000000000000003,34,0.00015929584509555283,0.00015150290773990882,True,0,1.0,0.0125172307881419,0.0018763800199123183,0.0006106190206877528,636,2958787.2544163167
7,0.35000000000000003,35,0.00015150290773990882,0.00014505820443289075,True,0,1.0,0.011280839366602556,0.001844288712902684,0.0005506212164278853,636,2946556.8763657217
7,0.35000000000000003,36,0.00014505820443289075,0.00013970968542831308,True,0,1.0,0.010166664340292418,0.0018158369273091476,0.0004966004335073082,636,2934762.625923892
7,0.35000000000000003,37,0.00013970968542831308,0.00013525269654979244,True,0,1.0,0.009162675604819575,0.0017904338494127397,0.0004479683409359771,636,2923366.360550944
7,0.35000000000000003,38,0.00013525269654979244,0.00013152106173863753,True,0,1.0,0.00825802302352148,0.0017675821823873617,0.0004041950378763387,636,2912334.1076576454
7,0.35000000000000003,39,0.00013152106173863753,0.00012837984298119665,True,0,1.0,0.007442922136462646,0.0017468652196583252,0.0003648033063907207,636,2901635.5842785365
7,0.35000000000000003,40,0.00012837984298119665,0.00012571946249351207,True,0,1.0,0.006708550688675615,0.0017279351098948136,0.00032936342341290624,636,2891243.7765525347
8,0.4,1,0.03498387522747892,0.028719877948290007,True,0,1.0,0.3730763807215269,0.019384236996540356,0.018003526078668914,636,2881134.5710873134
8,0.4,2,0.028719877948290007,0.023541776573743123,True,0,1.0,0.3398290443748295,0.01759528877990255,0.016375660351037446,636,2787639.2110320074
8,0.4,3,0.023541776573743123,0.01927582778094905,True,0,1.0,0.30900343290690074,0.0159637648122548,0.014868497651985455,636,2710007.4292427697
8,0.4,4,0.01927582778094905,0.01577123471977193,True,0,1.0,0.28055977931398457,0.01448123820443946,0.013480081616836032,636,2644254.8851016
8,0.4,5,0.01577123471977193,0.012898797650109262,True,0,1.0,0.254418451247595,0.013138490921279406,0.01220635359991262,636,2587102.0017274497
8,0.4,6,0.012898797650109262,0.010548970692246584,True,0,1.0,0.2304725589780512,0.011925934029290867,0.011041827145857054,636,2536487.264857623
8,0.4,7,0.010548970692246584,0.008629653896904066,True,0,1.0,0.2085979955872635,0.010833931328222912,0.009980125175973078,636,2491144.1119024074
8,0.4,8,0.008629653896904066,0.0070639435450571275,True,0,1.0,0.18866119162961295,0.009853036391909915,0.00901439358243491,636,2450228.926620078
8,0.4,9,0.0070639435450571275,0.005787980603406906,True,0,1.0,0.17052493258811124,0.00897415573145728,0.008137609543843228,636,2413127.0748228882
8,0.4,10,0.005787980603406906,0.00474897646700434,True,0,1.0,0.15405259316903605,0.008188651555237063,0.007342803758113791,636,2379359.1483436404
8,0.4,11,0.00474897646700434,0.003903453016429359,True,0,1.0,0.13911111453517874,0.007488397049729043,0.006623214525035661,636,2348533.766312294
8,0.4,12,0.003903453016429359,0.003215706455909073,True,0,1.0,0.12557300714023945,0.006865795837031398,0.00597238931336757,636,2320321.9500552574
8,0.4,13,0.003215706455909073,0.002656487513214345,True,0,1.0,0.11331761419416281,0.006313775735414272,0.005384246822635263,636,2294441.9877133584
8,0.4,14,0.002656487513214345,0.002201881157255392,True,0,1.0,0.10223182531902528,0.00582576544321519,0.004853110003119837,636,2270649.724311962
8,0.4,15,0.002201881157255392,0.0018323645474835892,True,0,1.0,0.09221038973015189,0.005395661404772841,0.004373718230644238,636,2248731.852114961
8,0.4,16,0.0018323645474835892,0.0015320206568182337,True,0,1.0,0.08315594437393606,0.005017790892330317,0.003941224920828243,636,2228500.972677029
8,0.4,17,0.0015320206568182337,0.0012878856370078795,True,0,1.0,0.07497884481944923,0.004686876161516261,0.003551185313637247,636,2209791.7750306306
8,0.4,18,0.0012878856370078795,0.0010894096661085984,True,0,1.0,0.0675968647216284,0.00439800330114943,0.0031995379300928696,636,2192457.9623190514
8,0.4,19,0.0010894096661085984,0.0009280131746798315,True,0,1.0,0.06093481251687403,0.0041465980345601824,0.0028825822511381566,636,2176369.715933649
8,0.4,20,0.0009280131746798315,0.0007967226462793908,True,0,1.0,0.05492410081683666,0.003928409267109048,0.00259695444368447,636,2161411.558121747
8,0.4,21,0.0007967226462793908,0.0006898724240282927,True,0,1.0,0.04950229394276829,0.00373949974970536,0.002339602414493466,636,2147480.5303974636
8,0.4,22,0.0006898724240282927,0.0006028610199454443,True,0,1.0,0.044612651509248084,0.003576242050553178,0.0021077610688754436,636,2134484.627303352
8,0.4,23,0.0006028610199454443,0.0005319522661056952,True,0,1.0,0.04020368035922486,0.00343531730137781,0.0018989283553650536,636,2122341.4443514016
8,0.4,24,0.0005319522661056952,0.0004741132534825665,True,0,1.0,0.03622870301864264,0.0033137140228676975,0.0017108424632979752,636,2110977.0056527266
8,0.4,25,0.0004741132534825665,0.00042688238169819037,True,0,1.0,0.03264544782170578,0.0032087247078608255,0.0015414603870265017,636,2100324.749288624
8,0.4,26,0.00042688238169819037,0.0003882620095075895,True,0,1.0,0.029415663679442965,0.003117938590077359,0.0013889379625639277,636,2090324.647253145
8,0.4,27,0.0003882620095075895,0.0003566311745503148,True,0,1.0,0.02650476091207883,0.003039229922874687,0.0012516114077386047,636,2080922.4417741362
8,0.4,28,0.0003566311745503148,0.0003306746666628113,True,0,1.0,0.023881478477823074,0.0029707419201521973,0.0011279803464346726,636,2072068.9850878872
8,0.4,29,0.0003306746666628113,0.00030932541367922894,True,0,1.0,0.02151757718500218,0.002910867123970083,0.0010166922644718197,636,2063719.666048206
8,0.4,30,0.00030932541367922894,0.00029171769668268066,True,0,1.0,0.019387557978510384,0.0028582253055135683,0.000916528324121881,636,2055833.9147006564
8,0.4,31,0.00029171769668268066,0.00027714916886156793,True,0,1.0,0.017468404078004825,0.002811640097394741,0.0008263904525460299,636,2048374.769336591
8,0.4,32,0.00027714916886156793,0.0002650500278670309,True,0,1.0,0.015739345561673324,0.0027701154612518584,0.0007452896138310835,636,2041308.503185531
8,0.4,33,0.0002650500278670309,0.00025495799845787204,True,0,1.0,0.01418164489925404,0.0027328128913791942,0.000672335172895798,636,2034604.294766775
8,0.4,34,0.00025495799845787204,0.00024649803297382977,True,0,1.0,0.012778401912679822,0.0026990300105526653,0.000606725260891078,636,2028233.943481922
8,0.4,35,0.00024649803297382977,0.00023936584167749686,True,0,1.0,0.011514376662245574,0.0026681809760264784,0.0005477380548365664,636,2022171.614323267
8,0.4,36,0.00023936584167749686,0.00023331453151309578,True,0,1.0,0.010375828805496009,0.002639778909613047,0.0004947238883982069,636,2016393.6177702886
8,0.4,37,0.00023331453151309578,0.00022814376711399742,True,0,1.0,0.009350372044298292,0.0026134204070181783,0.00044709811542433144,636,2010878.209796773
8,0.4,38,0.00022814376711399742,0.00022369097847940722,True,0,1.0,0.00842684235496653,0.0025887720685735366,0.0004043346527929183,636,2005605.4170409243
8,0.4,39,0.00022369097847940722,0.00021982422914978983,True,0,1.0,0.007595178781596413,0.0025655589202203,0.00036596013409649327,636,2000556.8790632319
8,0.4,40,0.00021982422914978983,0.00021643643122248868,True,0,1.0,0.006846315659600676,0.002543554552233391,0.0003315486106081848,636,1995715.7065797627
9,0.45,1,0.03482105581590389,0.028598038259431302,True,0,1.0,0.3848161820835854,0.019197237969993737,0.01795278217796696,636,1991066.3551045617
9,0.45,2,0.028598038259431302,0.02345765903750563,True,0,1.0,0.35007787654849115,0.017474567511331772,0.016322071093075444,636,1954580.7224783027
9,0.45,3,0.02345765903750563,0.019226099781484485,True,0,1.0,0.31794884936282464,0.015915924095039714,0.014812687939859152,636,1921785.7627855882
9,0.45,4,0.019226099781484485,0.015752536252551685,True,0,1.0,0.2883680324954078,0.014511085660525409,0.013422724599365374,636,1892233.5047778792
9,0.45,5,0.015752536252551685,0.012907803504110249,True,0,1.0,0.26123592823507413,0.013249507977057371,0.01214812427750491,636,1865550.4592271668
9,0.45,6,0.012907803504110249,0.01058245291974591,True,0,1.0,0.23642749960876697,0.012120586773350584,0.010983368702865976,636,1841419.4587443254
9,0.45,7,0.01058245291974591,0.008684535953525585,True,0,1.0,0.213802318379835,0.011113859444029258,0.009922026754422537,636,1819567.4192864527
9,0.45,8,0.008684535953525585,0.0071373419559492834,True,0,1.0,0.19321230808401338,0.010219150778461113,0.00895717747947635,636,1799756.4243097524
9,0.45,9,0.0071373419559492834,0.005877233131285964,True,0,1.0,0.17450747397295638,0.009426670359241796,0.008081725658490838,636,1781777.07675308
9,0.45,10,0.005877233131285964,0.0048516576748726115,True,0,1.0,0.1575400062722919,0.008727071420917956,0.0072886292808505265,636,1765443.541170136
9,0.45,11,0.0048516576748726115,0.004017379113157249,True,0,1.0,0.14216710569739555,0.008111481783800186,0.006571057180433331,636,1750589.850508738
9,0.45,12,0.004017379113157249,0.0033389316772152178,True,0,1.0,0.12825282920438483,0.007571517040180094,0.0059224928209342465,636,1737067.1274956516
9,0.45,13,0.0033389316772152178,0.0027872942637497955,True,0,1.0,0.11566920068529654,0.0070992846744634365,0.005336797574366053,636,1724741.4504029306
9,0.45,14,0.0027872942637497955,0.002338765901187423,True,0,1.0,0.10429678181176008,0.006687385531994417,0.0048082442403808625,636,1713492.1629967378
9,0.45,15,0.002338765901187423,0.001974021104253154,True,0,1.0,0.09402485523579722,0.006328916380102319,0.0043315292305030366,636,1703210.487935206
9,0.45,16,0.001974021104253154,0.0016773222115401554,True,0,1.0,0.08475133662867791,0.006017474664567443,0.003901769875713086,636,1693798.3518704788
9,0.45,17,0.0016773222115401554,0.0014358664519118491,True,0,1.0,0.0763825032622757,0.005747164396041743,0.00351449171590363,636,1685167.3615685292
9,0.45,18,0.0014358664519118491,0.001239247200440663,True,0,1.0,0.06883260418937742,0.005512600745484258,0.0031656093636142097,636,1677237.8938451305
9,0.45,19,0.001239247200440663,0.0010790110919579599,True,0,1.0,0.06202339957258264,0.005308910523960885,0.0028514035539135944,636,1669938.2750848813
9,0.45,20,0.0010790110919579599,0.0009482950078643082,True,0,1.0,0.055883663372875175,0.00513172616993865,0.002568496245940624,636,1663204.037008511
9,0.45,21,0.0009482950078643082,0.0008415292315467893,True,0,1.0,0.050348673570202694,0.0049771718754250465,0.00231382508172614,636,1656977.2366641744
9,0.45,22,0.0008415292315467893,0.0007541951691146798,True,0,1.0,0.045359706614330815,0.0048418416842159195,0.0020846180932618153,636,1651205.8364868185
9,0.45,23,0.0007541951691146798,0.0006826279039197081,True,0,1.0,0.04086354729643333,0.004722770467566049,0.001878369245366056,636,1645843.1369287395
9,0.45,24,0.0006826279039197081,0.0006238554832841414,True,0,1.0,0.03681202121434212,0.00461739942387241,0.0016928151825232544,636,1640847.2594922204
9,0.45,25,0.0006238554832841414,0.00057546823087673,True,0,1.0,0.033161554106588706,0.00452353809632111,0.0015259133912920813,636,1636180.6749214835
9,0.45,26,0.00057546823087673,0.0005355125575896569,True,0,1.0,0.029872760266546672,0.004439324902132327,0.0013758218797335013,636,1631809.7741484633
9,0.45,27,0.0005355125575896569,0.0005024047320608682,True,0,1.0,0.0269100608011362,0.004363187921998356,0.0012408803992004776,636,1627704.478641078
9,0.45,28,0.0005024047320608682,0.00047486089404991105,True,0,1.0,0.024241331505122088,0.004293807322484461,0.0011195931824468516,636,1623837.8859834785
9,0.45,29,0.00047486089404991105,0.00045184027326350407,True,0,1.0,0.021837579459174236,0.004230080373316694,0.0010106131384235437,636,1620185.949565557
9,0.45,30,0.00045184027326350407,0.00043249913659482164,True,0,1.0,0.019672647035902588,0.004171089640959002,0.0009127274232251359,636,1616727.1884427387
9,0.45,31,0.00043249913659482164,0.00041615344583267877,True,0,1.0,0.017722941746039812,0.0041160746236718,0.0008248442947161257,636,1613442.4245428138
9,0.45,32,0.00041615344583267877,0.00040224858432413857,True,0,1.0,0.015967190226012607,0.004064406854018188,0.0007459811527095433,636,1610314.54577038
9,0.45,33,0.00040224858432413857,0.00039033481809047643,True,0,1.0,0.014386214622477017,0.004015568328307647,0.0006752536653221054,636,1607328.292180075
9,0.45,34,0.00039033481809047643,0.00038004740759234323,True,0,1.0,0.012962729641620133,0.003969133018365783,0.0006118658840029509,636,1604470.0628986384
9,0.45,35,0.00038004740759234323,0.00037109049004868666,True,0,1.0,0.011681158582158024,0.003924751165127873,0.0005551012539353163,636,1601727.7425288674
9,0.45,36,0.00037109049004868666,0.00036322401857913356,True,0,1.0,0.01052746674654777,0.0038821360330804047,0.0005043144325984769,636,1599090.5441196768
9,0.45,37,0.00036322401857913356,0.0003562531786356349,True,0,1.0,0.009489010715413504,0.0038410528074841006,0.0004589238370895131,636,1596548.8687437773
9,0.45,38,0.0003562531786356349,0.0003500198124560816,True,0,1.0,0.008554402067664425,0.00380130933476918,0.00041840485034052156,636,1594094.1785532678
9,0.45,39,0.0003500198124560816,0.000344395470459391,True,0,1.0,0.00771338422930714,0.003762748432332685,0.00038228362766472003,636,1591718.8827572076
9,0.45,40,0.000344395470459391,0.00033927578120507285,True,0,1.0,0.0069567212327961815,0.0037252415243976007,0.00035013145802688145,636,1589416.2355319054
10,0.5,1,0.03452279981333539,0.028375579909798998,True,0,1.0,0.39494012236034615,0.019357485774325424,0.017844433045352943,636,1587180.2438443133
10,0.5,2,0.028375579909798998,0.02330217071971763,True,0,1.0,0.3589188937275528,0.017747151682774805,0.01621420824492436,636,1569855.8781080153
10,0.5,3,0.02330217071971763,0.0191291381187233,True,0,1.0,0.32567422758750436,0.01631544515673666,0.014706232538760742,636,1553800.2295466184
10,0.5,4,0.0191291381187233,0.015706160297122573,True,0,1.0,0.29512398400532197,0.01504594263168146,0.013318553037540738,636,1538989.3662315148
10,0.5,5,0.015706160297122573,0.012904663291703922,True,0,1.0,0.26714966727211087,0.013922946536231494,0.012047030626703878,636,1525386.240860103
10,0.5,6,0.012904663291703922,0.01061584581138908,True,0,1.0,0.24160935488023214,0.012931571610010038,0.010886041920934014,636,1512941.8371530285
10,0.5,7,0.01061584581138908,0.008748432440345622,True,0,1.0,0.2183477747059046,0.0120578188743127,0.009829040088372794,636,1501597.7292430375
10,0.5,8,0.008748432440345622,0.00722638522783281,True,0,1.0,0.19720390883882247,0.011288633951423908,0.008868987129164866,636,1491288.9888726694
10,0.5,9,0.00722638522783281,0.005986717902820682,True,0,1.0,0.17801654783325557,0.010611946535154496,0.007998675935259214,636,1481946.9097059525
10,0.5,10,0.005986717902820682,0.004977493917423748,True,0,1.0,0.1606282046475565,0.010016689686762082,0.007210961921501404,636,1473501.3190649683
10,0.5,11,0.004977493917423748,0.004156045857022672,True,0,1.0,0.14488775238468776,0.00949279950305971,0.006498922978580664,636,1465882.4127239047
10,0.5,12,0.004156045857022672,0.003487425239824149,True,0,1.0,0.13065209303447808,0.009031196973101625,0.005855964216354812,636,1459022.13384541
10,0.5,13,0.003487425239824149,0.0029430743505387547,True,0,1.0,0.1177871068629313,0.00862375451075258,0.005275881251069592,636,1452855.153499483
10,0.5,14,0.0029430743505387547,0.002499702150431049,True,0,1.0,0.10616807968085691,0.008263249925993284,0.00475289311200151,636,1447319.5219053219
10,0.5,15,0.002499702150431049,0.0021383418785138053,True,0,1.0,0.09567976037345441,0.007943310663274146,0.004281653440426325,636,1442357.0602286444
10,0.5,16,0.0021383418785138053,0.0018435668041503206,True,0,1.0,0.08621616424894356,0.007658351090255702,0.0038572466198385576,636,1437913.552041808
10,0.5,17,0.0018435668041503206,0.0016028413796671526,True,0,1.0,0.07768020841092935,0.00740350549378787,0.0034751738211356215,636,1433938.7875035151
10,0.5,18,0.0016028413796671526,0.0014059868812121845,True,0,1.0,0.06998324247335831,0.007174559230082801,0.0031313326376919397,636,1430386.5013007305
10,0.5,19,0.0014059868812121845,0.0012447429385251674,True,0,1.0,0.06304452040142279,0.006967880181650972,0.0028219929729665534,636,1427214.2363130979
10,0.5,20,0.0012447429385251674,0.001112408787717345,True,0,1.0,0.056790646014452544,0.006780352311358347,0.002543771074108738,636,1424383.1601846018
10,0.5,21,0.001112408787717345,0.0010035504265470951,True,0,1.0,0.05115501480129047,0.006609312701675762,0.0022936030292388743,636,1421857.8520175836
10,0.5,22,0.0010035504265470951,0.0009137620029358029,True,0,1.0,0.04607726740175151,0.006452493062040349,0.002068718620757192,636,1419606.074073838
10,0.5,23,0.0009137620029358029,0.000839471675025738,True,0,1.0,0.04150276477964192,0.006307966309678024,0.0018666161167638835,636,1417598.5393990981
10,0.5,24,0.000839471675025738,0.0007777838360817357,True,0,1.0,0.037382091264422865,0.006174098503410279,0.0016850383591881604,636,1415808.6806200903
10,0.5,25,0.0007777838360817357,0.0007263510088790781,True,0,1.0,0.03367058889355696,0.0060495061470328786,0.0015219503484535117,636,1414212.4271214376
10,0.5,26,0.0007263510088790781,0.000683269904413697,True,0,1.0,0.030327924557605565,0.005933018682088618,0.0013755184135329484,636,1412787.9920892487
10,0.5,27,0.000683269904413697,0.0006469971337709213,True,0,1.0,0.027317690118775783,0.00582364585380224,0.0012440909802888638,636,1411515.672294463
10,0.5,28,0.0006469971337709213,0.000616280886419962,True,0,1.0,0.02460703477793195,0.00572054955033185,0.0011261809005149814,636,1410377.660804744
10,0.5,29,0.000616280886419962,0.0005901055686151624,True,0,1.0,0.022166328384313597,0.005623019673716241,0.0010204492720805266,636,1409357.8744175038
10,0.5,30,0.0005901055686151624,0.0005676469540983886,True,0,1.0,0.019968854027078792,0.005530453590354774,0.0009256906619155807,636,1408441.793934583
10,0.5,31,0.0005676469540983886,0.0005482358577261204,True,0,1.0,0.017990528052255064,0.005442338720774443,0.0008408196346220852,636,1407616.317864774
10,0.5,32,0.0005482358577261204,0.0005313287153630997,True,0,1.0,0.016209645565390174,0.005358237854041638,0.0007648584876447952,636,1406869.629328006
10,0.5,33,0.0005313287153630997,0.0005164837590760918,True,0,1.0,0.014606649472666544,0.005277776807324185,0.0006969260973970833,636,1406191.0743916342
10,0.5,34,0.0005164837590760918,0.0005033417239981297,True,0,1.0,0.013163921157991221,0.0052006340889700214,0.0006362277881404126,636,1405571.0513987883
10,0.5,35,0.0005033417239981297,0.0004916102247738419,True,0,1.0,0.011865590970492848,0.005126532263162027,0.0005820461457296981,636,1405000.911307989
10,0.5,36,0.0004916102247738419,0.000481051103316088,True,0,1.0,0.010697366794006144,0.0050552307522618274,0.000533732710504373,636,1404472.866513073
10,0.5,37,0.000481051103316088,0.00047147018216886494,True,0,1.0,0.009646379077940782,0.004986519848480188,0.0004907004964417092,636,1403979.9091659104
10,0.5,38,0.00047147018216886494,0.00046270896540301365,True,0,1.0,0.008701040820743034,0.004920215739022832,0.00045241729574789334,636,1403515.7369569654
10,0.5,39,0.00046270896540301365,0.00045463791617772475,True,0,1.0,0.007850921108638866,0.004856156377863398,0.0004183997376070319,636,1403074.6861020185
10,0.5,40,0.00045463791617772475,0.0004471510106535126,True,0,1.0,0.00708663092056584,0.004794198062776362,0.0003882080750135178,636,1402651.671127048
11,0.55,1,0.03413994992323699,0.028088551664349648,True,0,1.0,0.40534024761480225,0.0200697065795327,0.017695434921912955,636,1402242.129907288
11,0.55,2,0.028088551664349648,0.023097120873597166,True,0,1.0,0.36812639489630555,0.01862049962130026,0.01607036037756608,636,1396812.7524231172
11,0.55,3,0.023097120873597166,0.018993245501961686,True,0,1.0,0.33383769831754007,0.017347012806530056,0.014568797496375886,636,1391707.7683140524
11,0.55,4,0.018993245501961686,0.015627805332643407,True,0,1.0,0.30237228844456254,0.016223720336854656,0.013188546525284442,636,1386977.5792405964
11,0.55,5,0.015627805332643407,0.012873512760290362,True,0,1.0,0.273594378750949,0.0152289098902464,0.011925214672470387,636,1382650.3044433794
11,0.55,6,0.012873512760290362,0.010622862338071637,True,0,1.0,0.2473470590107283,0.014344351064438588,0.010772934186988884,636,1378735.8064740058
11,0.55,7,0.010622862338071637,0.008785828376334681,True,0,1.0,0.22346216264138807,0.013554844822120467,0.009724934919474989,636,1375229.8368780783
11,0.55,8,0.008785828376334681,0.007287538857107423,True,0,1.0,0.2017676290235328,0.012847740431475243,0.00877398389354391,636,1372117.7953472023
11,0.55,9,0.007287538857107423,0.006066067080497839,True,0,1.0,0.18209281291561533,0.012212475714324284,0.007912710792705767,636,1369377.9037158736
11,0.55,10,0.006066067080497839,0.0050704190489010426,True,0,1.0,0.16427216729789829,0.011640171916687609,0.007133840007646124,636,1366983.7614034663
11,0.55,11,0.0050704190489010426,0.004258751029921015,True,0,1.0,0.14814767267065312,0.01112329605285912,0.006430348891312181,636,1364906.331552444
11,0.55,12,0.004258751029921015,0.0035968235983400154,True,0,1.0,0.13357032346463973,0.010655391029338894,0.005795569492821993,636,1363115.4401911336
11,0.55,13,0.0035968235983400154,0.003056681573217479,True,0,1.0,0.12040092129321794,0.010230866522074304,0.0052232481688337575,636,1361580.877242583
11,0.55,14,0.003056681573217479,0.0026155401723175764,True,0,1.0,0.10851037047099525,0.009844840273973312,0.004707574622053136,636,1360273.1807392708
11,0.55,15,0.0026155401723175764,0.0022548537421147596,True,0,1.0,0.09777962546926053,0.009493018891722124,0.00424318935823768,636,1359164.1761195029
11,0.55,16,0.0022548537421147596,0.001959542656198354,True,0,1.0,0.0880994028690705,0.009171608204555029,0.0038251763920360855,636,1358227.326820079
11,0.55,17,0.001959542656198354,0.0017173550721499842,True,0,1.0,0.07936974109249496,0.008877244947805216,0.003449046281497536,636,1357437.9446474246
11,0.55,18,0.0017173550721499842,0.0015183423074249802,True,0,1.0,0.07149946856750153,0.008606943394352284,0.0031107131960431207,636,1356773.2946825647
11,0.55,19,0.0015183423074249802,0.00135442907495531,True,0,1.0,0.0644056237856426,0.00835805226584727,0.0028064686679000013,636,1356212.623873501
11,0.55,20,0.00135442907495531,0.0012190623653695054,True,0,1.0,0.05801285781937951,0.008128218671977161,0.0025329538832116736,636,1355737.1348746798
11,0.55,21,0.0012190623653695054,0.00110692518279909,True,0,1.0,0.05225284031381038,0.00791535691747073,0.0022871317812808776,636,1355329.9213877395
11,0.55,22,0.00110692518279909,0.001013703535494348,True,0,1.0,0.04706368296793084,0.007717620807741813,0.0020662598014612715,636,1354975.8777650958
11,0.55,23,0.001013703535494348,0.0009358970143081846,True,0,1.0,0.04238938944583234,0.007533378626675237,0.001867863808509414,636,1354661.5926118959
11,0.55,24,0.0009358970143081846,0.000870664955363587,True,0,1.0,0.03817933702189374,0.007361190310628881,0.0016897135082131099,636,1354375.2325979443
11,0.55,25,0.000870664955363587,0.0008157015949553648,True,0,1.0,0.03438779269161409,0.007199786554883191,0.001529799512323165,636,1354106.4225465138
11,0.55,26,0.0008157015949553648,0.0007691348094815975,True,0,1.0,0.030973464689641725,0.007048049705907621,0.0013863121074180161,636,1353846.1253729383
11,0.55,27,0.0007691348094815975,0.0007294440182411543,True,0,1.0,0.027899089136764983,0.006904996348949855,0.0012576217130671158,636,1353586.523797878
11,0.55,28,0.0007294440182411543,0.0006953936421058016,True,0,1.0,0.025131050730371567,0.006769761520422562,0.0011422609708073668,636,1353320.9072784185
11,0.55,29,0.0006953936421058016,0.000665979180492049,True,0,1.0,0.022639035882345268,0.006641584474728195,0.001038908379901222,636,1353043.5639196811
11,0.55,30,0.000665979180492049,0.0006403835191125529,True,0,1.0,0.020395716408047014,0.006519795927050368,0.0009463733835342564,636,1352749.6789934693
11,0.55,31,0.0006403835191125529,0.0006179415287087542,True,0,1.0,0.01837646171844987,0.006403806682948358,0.0008635828062780425,636,1352435.2402089462
11,0.55,32,0.0006179415287087542,0.0005981113815826111,True,0,1.0,0.016559077417596903,0.006293097556876811,0.00078956854760294,636,1352096.9504774145
11,0.55,33,0.0005981113815826111,0.0005804513096818731,True,0,1.0,0.014923568227805618,0.0061872104755537356,0.0007234564447044351,636,1351732.1469009048
11,0.55,34,0.0005804513096818731,0.0005646007703199452,True,0,1.0,0.01345192323020898,0.006085740659767314,0.0006644562290441174,636,1351338.7271130444
11,0.55,35,0.0005646007703199452,0.0005502651816483572,True,0,1.0,0.012127921502393219,0.005988329778768801,0.0006118525128379846,636,1350915.082252469
11,0.55,36,0.0005502651816483572,0.0005372035493667049,True,0,1.0,0.010936956345099743,0.005894659974792055,0.0005649967523316482,636,1350460.036142455
11,0.55,37,0.0005372035493667049,0.0005252184350604816,True,0,1.0,0.009865876408228997,0.005804448660501139,0.0005233001420752381,636,1349972.7899513533
11,0.55,38,0.0005252184350604816,0.0005141478214096828,True,0,1.0,0.00890284214648502,0.005717443998828571,0.0004862273968214074,636,1349452.873034057
11,0.55,39,0.0005141478214096828,0.0005038585138243956,True,0,1.0,0.008037196153286326,0.005633420982041031,0.00045329137395963364,636,1348900.0985253488
11,0.55,40,0.0005038585138243956,0.0004942407869371612,True,0,1.0,0.007259346035056373,0.0055521780346671264,0.00042404847954616786,636,1348314.523669245
12,0.6000000000000001,1,0.03373481468472472,0.027778453750807897,True,0,1.0,0.4175343273526958,0.021272591121088317,0.017536840094237116,636,1347696.4145511475
12,0.6000000000000001,2,0.027778453750807897,0.022865810092823957,True,0,1.0,0.37911229453552175,0.019925287100001358,0.01592206630381191,636,1347551.6774216348
12,0.6000000000000001,3,0.022865810092823957,0.018826194614003477,True,0,1.0,0.34374466005428916,0.018730236633758234,0.014431808150305678,636,1347190.5480098422
12,0.6000000000000001,4,0.018826194614003477,0.015512329310643613,True,0,1.0,0.31131343077236906,0.017660749126052835,0.013063411521713917,636,1346695.1523583555
12,0.6000000000000001,5,0.015512329310643613,0.012798753558037945,True,0,1.0,0.2816689065299514,0.01669648039773726,0.011812099362468102,636,1346131.0962885513
12,0.6000000000000001,6,0.012798753558037945,0.010579684007421486,True,0,1.0,0.25464228013778506,0.015822030930205976,0.010671695246253039,636,1345548.6642684247
12,0.6000000000000001,7,0.010579684007421486,0.008766659149510914,True,0,1.0,0.2300552491353333,0.0150256525955761,0.00963519417584705,636,1344984.732138388
12,0.6000000000000001,8,0.008766659149510914,0.007286187955169443,True,0,1.0,0.2077271110812898,0.014298193035798617,0.008695195420884488,636,1344464.8868271892
12,0.6000000000000001,9,0.007286187955169443,0.006077535870614881,True,0,1.0,0.18747982304214675,0.013632300878386905,0.007844218507293518,636,1344005.4903665336
12,0.6000000000000001,10,0.006077535870614881,0.005090719390092646,True,0,1.0,0.16914146522638246,0.013021862373505805,0.00707492478892801,636,1343615.5622800176
12,0.6000000000000001,11,0.005090719390092646,0.004284738395753607,True,0,1.0,0.15254848605070573,0.012461621301469133,0.006380265495407404,636,1343298.4304285822
12,0.6000000000000001,12,0.004284738395753607,0.003626048751040001,True,0,1.0,0.1375470381949007,0.011946933409357052,0.005753574271533786,636,1343053.138502423
12,0.6000000000000001,13,0.003626048751040001,0.0030872619591452155,True,0,1.0,0.1239936515848255,0.011473613939221711,0.005188618957481431,636,1342875.6196847805
12,0.6000000000000001,14,0.0030872619591452155,0.0026460505505355725,True,0,1.0,0.11175543392890189,0.011037846275123858,0.004679624239186915,636,1342759.6561165492
12,0.6000000000000001,15,0.0026460505505355725,0.0022842345951206156,True,0,1.0,0.1007099436430166,0.010636128620272604,0.004221274076304327,636,1342697.6490114855
12,0.6000000000000001,16,0.0022842345951206156,0.0019870244537621984,True,0,1.0,0.09074484335558007,0.01026524289204001,0.0038087005705630087,636,1342681.2247891196
12,0.6000000000000001,17,0.0019870244537621984,0.0017423963010000376,True,0,1.0,0.08175741357705295,0.009922235528539132,0.0034374641570436015,636,1342701.7023042154
12,0.6000000000000001,18,0.0017423963010000376,0.001540579218760385,True,0,1.0,0.07365398420033004,0.009604403842041767,0.0031035286282185795,636,1342750.4450352632
12,0.6000000000000001,19,0.001540579218760385,0.001373635253041905,True,0,1.0,0.06634932495318463,0.009309284251245976,0.002803233465112654,636,1342819.1181930243
12,0.6000000000000001,20,0.001373635253041905,0.0012351164264552406,True,0,1.0,0.05976602358753796,0.009034640490890254,0.002533265182402579,636,1342899.869794662
12,0.6000000000000001,21,0.0012351164264552406,0.001119785136929563,True,0,1.0,0.05383387149003133,0.00877845099938956,0.0022906288338958875,636,1342985.451345504
12,0.6000000000000001,22,0.001119785136929563,0.0010233865630641104,True,0,1.0,0.048489269752290294,0.008538895330404226,0.002072620421305046,636,1343069.2907943062
12,0.6000000000000001,23,0.0010233865630641104,0.0009424636115246132,True,0,1.0,0.043674663934064224,0.00831433977667609,0.001876800662662634,636,1343145.5288471775
12,0.6000000000000001,24,0.0009424636115246132,0.0008742065829934198,True,0,1.0,0.03933801231617632,0.008103322544470581,0.0017009703762807576,636,1343209.0281685726
12,0.6000000000000001,25,0.0008742065829934198,0.0008163311207183277,True,0,1.0,0.03543229001402808,0.007904538851224044,0.0015431475985715,636,1343255.361530484
12,0.6000000000000001,26,0.0008163311207183277,0.0007669791667512804,True,0,1.0,0.031915029636831224,0.007716826289044549,0.0014015464619671278,636,1343280.785861765
12,0.6000000000000001,27,0.0007669791667512804,0.000724638614823192,True,0,1.0,0.02874789803156481,0.007539150736070249,0.0012745577998575996,636,1343282.2057534119
12,0.6000000000000001,28,0.000724638614823192,0.0006880781441233053,True,0,1.0,0.02589630789463159,0.007370593027007054,0.0011607314096101233,636,1343257.1307652213
12,0.6000000000000001,29,0.0006880781441233053,0.0006562943721755143,True,0,1.0,0.02332906255833956,0.007210336525493972,0.0010587598855927012,636,1343203.628445603
12,0.6000000000000001,30,0.0006562943721755143,0.0006284689997172466,True,0,1.0,0.02101803198286217,0.007057655680495706,0.0009674639267141413,636,1343120.276043217
12,0.6000000000000001,31,0.0006284689997172466,0.0006039340578971597,True,0,1.0,0.018937857847936723,0.006911905599253586,0.0008857790236279142,636,1343006.111584927
12,0.6000000000000001,32,0.0006039340578971597,0.0005821437237363281,True,0,1.0,0.01706568559947422,0.0067725126308599325,0.0008127434364396408,636,1342860.5861859461
12,0.6000000000000001,33,0.0005821437237363281,0.0005626514598848775,True,0,1.0,0.015380921332804528,0.006638965926293779,0.0007474873820806533,636,1342683.517963938
12,0.6000000000000001,34,0.0005626514598848775,0.000545091469908221,True,0,1.0,0.013865011464384827,0.006510809921470783,0.0006892233592028414,636,1342475.0480738063
12,0.6000000000000001,35,0.000545091469908221,0.0005291636513963249,True,0,1.0,0.01250124324083103,0.006387637677769327,0.0006372375455483834,636,1342235.599603413
12,0.6000000000000001,36,0.0005291636513963249,0.0005146213843970626,True,0,1.0,0.011274564246819567,0.006269085008101413,0.0005908822065314644,636,1341965.839213584
12,0.6000000000000001,37,0.0005146213843970626,0.0005012616182452634,True,0,1.0,0.010171419193640273,0.006154825314477956,0.000549569053051523,636,1341666.6417239173
12,0.6000000000000001,38,0.0005012616182452634,0.0004889168216620776,True,0,1.0,0.009179602392196886,0.006044565063962621,0.0005127634809888178,636,1341339.0575254604
12,0.6000000000000001,39,0.0004889168216620776,0.00047744844390340546,True,0,1.0,0.008288124434383946,0.0059380398329560895,0.0004799796150861383,636,1340984.2830654685
12,0.6000000000000001,40,0.00047744844390340546,0.00046674160112480934,True,0,1.0,0.007487091722754643,0.005835010854202013,0.0004507760677986566,636,1340603.6338746962
13,0.65,1,0.03335723539590907,0.027479833116745733,True,0,1.0,0.43275616681324,0.02263125737260916,0.017397090711657837,636,1340198.520479211
13,0.65,2,0.027479833116745733,0.02263070097757547,True,0,1.0,0.3929920116580434,0.021274090776956262,0.01579561367437581,636,1344500.0245195169
13,0.65,3,0.02263070097757547,0.018641254768041904,True,0,1.0,0.3563981119224163,0.02005312790202669,0.014318857664782138,636,1348232.8749688521
13,0.65,4,0.018641254768041904,0.015366304075137283,True,0,1.0,0.3228451134790505,0.018944884068218933,0.012963721951502515,636,1351497.4140049582
13,0.65,5,0.015366304075137283,0.012682337725381743,True,0,1.0,0.29217353576674554,0.01793224712991685,0.011725108915703348,636,1354381.5987694536
13,0.65,6,0.012682337725381743,0.01048531750036874,True,0,1.0,0.2642061480786468,0.01700266689911091,0.01059663004363404,636,1356960.4548753889
13,0.65,7,0.01048531750036874,0.008688295721012262,True,0,1.0,0.2387573354587532,0.016146701689077968,0.009571156208466144,636,1359296.5873618473
13,0.65,8,0.008688295721012262,0.007219062869768034,True,0,1.0,0.2156399672632633,0.015356957831294394,0.008641230222396405,636,1361441.2735158154
13,0.65,9,0.007219062869768034,0.006017948225281233,True,0,1.0,0.1946702674002609,0.014627367855553032,0.007799364642758882,636,1363435.8263022127
13,0.65,10,0.006017948225281233,0.005035837289553924,True,0,1.0,0.17567113041847035,0.013952726302526567,0.007038248117613073,636,1365313.029212333
13,0.65,11,0.005035837289553924,0.004232430172639079,True,0,1.0,0.15847425733662987,0.013328406259141733,0.006350881332999649,636,1367098.5232998366
13,0.65,12,0.004232430172639079,0.003574740262026199,True,0,1.0,0.14292141407757514,0.012750195035404595,0.005730660344615077,636,1368812.077594782
13,0.65,13,0.003574740262026199,0.0030358181768578296,True,0,1.0,0.1288650510384357,0.012214204141953481,0.005171421620839661,636,1370468.710885596
13,0.65,14,0.0030358181768578296,0.002593678774246211,True,0,1.0,0.11616846765100329,0.011716822960663151,0.004667459951291856,636,1372079.6541169002
13,0.65,15,0.002593678774246211,0.002230406294246534,True,0,1.0,0.1047056611972317,0.01125469626735945,0.004213527677561862,636,1373653.1583328978
13,0.65,16,0.002230406294246534,0.0019314128007980047,True,0,1.0,0.09436096381237015,0.010824713358767704,0.00380482151929601,636,1375195.1597100971
13,0.65,17,0.0019314128007980047,0.0016848266834113002,True,0,1.0,0.08502854419025097,0.010424001631293896,0.003436961560844332,636,1376709.8190624919
13,0.65,18,0.0016848266834113002,0.0014809903407935199,True,0,1.0,0.07661182956327237,0.010049920741577538,0.003105965660854221,636,1378199.9525309966
13,0.65,19,0.0014809903407935199,0.001312048783036257,True,0,1.0,0.06902288773275092,0.009700055510179835,0.0028082215725669713,636,1379667.3716990722
13,0.65,20,0.001312048783036257,0.0011716134778730902,True,0,1.0,0.06218179713214281,0.00937220692884338,0.002540458345025773,636,1381113.1487817885
13,0.65,21,0.0011716134778730902,0.0010544881727287958,True,0,1.0,0.05601602418133141,0.009064381294520463,0.002299718054375422,636,1382537.8210599634
13,0.65,22,0.0010544881727287958,0.0009564455761442714,True,0,1.0,0.0504598207914779,0.00877477782066527,0.0020833285410453437,636,1383941.5468900937
13,0.65,23,0.0009564455761442714,0.0008740456570591748,True,0,1.0,0.04545365022820891,0.008501775201905634,0.0018888775645848701,636,1385324.2233002675
13,0.65,24,0.0008740456570591748,0.0008044879241311254,True,0,1.0,0.04094364619211588,0.0082439176186309,0.0017141886040633852,636,1386685.5740832172
13,0.65,25,0.0008044879241311254,0.0007454914015786462,True,0,1.0,0.03688110759261897,0.007999900617977729,0.0015572984063324728,636,1388025.2144821007
13,0.65,26,0.0007454914015786462,0.0006951971502051624,True,0,1.0,0.033222029820377356,0.007768557231220604,0.0014164363007609182,636,1389342.698620024
13,0.65,27,0.0006951971502051624,0.0006520891216922342,True,0,1.0,0.029926672174703708,0.007548844604396827,0.0012900052453405618,636,1390637.5534841544
13,0.65,28,0.0006520891216922342,0.0006149299099217354,True,0,1.0,0.026959160334252764,0.007339831340234122,0.0011765645365169092,636,1391909.3029215944
13,0.65,29,0.0006149299099217354,0.000582708600156745,True,0,1.0,0.02428712226681127,0.0071406856807412315,0.0010748140972577558,636,1393157.484764837
13,0.65,30,0.000582708600156745,0.0005545984388136693,True,0,1.0,0.021881355679528505,0.0069506646029084355,0.0009835802499692948,636,1394381.661670704
13,0.65,31,0.0005545984388136693,0.0005299224728756435,True,0,1.0,0.019715524957364155,0.006769103855139872,0.0009018028792859554,636,1395581.4289385432
13,0.65,32,0.0005299224728756435,0.00050812565581837,True,0,1.0,0.01776588548279036,0.006595408928124049,0.0008285238917523714,636,1396756.4188498845
13,0.65,33,0.00050812565581837,0.0004887521995253774,True,0,1.0,0.0160110332431562,0.006429046929547087,0.0007628768828390183,636,1397906.303525137
13,0.65,34,0.0004887521995253774,0.00047142718224679747,True,0,1.0,0.014431677691260343,0.006269539315267306,0.0007040779250070073,636,1399030.7956944234
13,0.65,35,0.00047142718224679747,0.0004558416090714168,True,0,1.0,0.013010435913230102,0.006116455419399492,0.0006514173924954966,636,1400129.649009099
13,0.65,36,0.0004558416090714168,0.0004417402736838216,True,0,1.0,0.011731646264221638,0.0059694067199351445,0.0006042527386209553,636,1401202.6576138895
13,0.65,37,0.0004417402736838216,0.00042891189276350605,True,0,1.0,0.010581199748290698,0.005828041774771613,0.0005620021395713469,636,1402249.654732083
13,0.65,38,0.00042891189276350605,0.00041718108493182804,True,0,1.0,0.009546387538226224,0.005692041763316085,0.0005241389155827301,636,1403270.5114146343
13,0.65,39,0.00041718108493182804,0.0004064018464083885,True,0,1.0,0.008615763150110256,0.005561116571546943,0.0004901866369848177,636,1404265.1351108337
13,0.65,40,0.0004064018464083885,0.00039645224191309225,True,0,1.0,0.007779017903202998,0.005435001361504065,0.0004597148203358679,636,1405233.467545273
14,0.7000000000000001,1,0.03302705960804608,0.02720720047295444,True,0,1.0,0.4521286935125786,0.023769124701058995,0.01729053311540541,636,1406175.4829844052
14,0.7000000000000001,2,0.02720720047295444,0.02240328256245172,True,0,1.0,0.41076883622923793,0.022303663976209243,0.015702311201339546,636,1413633.2397967868
14,0.7000000000000001,3,0.02240328256245172,0.01844873437187322,True,0,1.0,0.3726924278977795,0.020970218228000555,0.01423838865484664,636,1420351.7590731527
14,0.7000000000000001,4,0.01844873437187322,0.015200268995263277,True,0,1.0,0.3377636088934792,0.019747699431458293,0.01289533599511451,636,1426439.6547388444
14,0.7000000000000001,5,0.015200268995263277,0.012536082010261462,True,0,1.0,0.305816913721549,0.018620762933164794,0.01166785303808316,636,1431997.4984732212
14,0.7000000000000001,6,0.012536082010261462,0.010353607282448274,True,0,1.0,0.27666951601206313,0.01757813769665977,0.010549445786410965,636,1437114.557998601
14,0.7000000000000001,7,0.010353607282448274,0.00856712929872161,True,0,1.0,0.2501304775447363,0.016611313150706544,0.00953295047130162,636,1441867.4343443387
14,0.7000000000000001,8,0.00856712929872161,0.007105445076356021,True,0,1.0,0.22600753129739956,0.015713591868003383,0.008610924236918786,636,1446320.0184847114
14,0.7000000000000001,9,0.007105445076356021,0.005909689250798822,True,0,1.0,0.2041118997980929,0.014879447948051872,0.007775925742121404,636,1450524.2847865592
14,0.7000000000000001,10,0.005909689250798822,0.004931379887966991,True,0,1.0,0.18426158787536268,0.014104114212245122,0.007020708586398048,636,1454521.5527019463
14,0.7000000000000001,11,0.004931379887966991,0.004130705335492091,True,0,1.0,0.16628351601117636,0.013383328615907924,0.00633834795004561,636,1458343.950961949
14,0.7000000000000001,12,0.004130705335492091,0.0034750492820557755,True,0,1.0,0.15001478951984024,0.012713185425789959,0.005722317493222149,636,1462015.9080614848
14,0.7000000000000001,13,0.0034750492820557755,0.0029377379937276515,True,0,1.0,0.135303335720757,0.012090052018955615,0.005166530156657525,636,1465555.558822486
14,0.7000000000000001,14,0.0029377379937276515,0.002496987171009879,True,0,1.0,0.12200808824034899,0.011510524765747973,0.004665353439291591,636,1468976.0077665222
14,0.7000000000000001,15,0.002496987171009879,0.0021350236002062317,True,0,1.0,0.10999885454770532,0.010971406831016623,0.004213607147388236,636,1472286.4234039693
14,0.7000000000000001,16,0.0021350236002062317,0.0018373570587325583,True,0,1.0,0.09915596877527218,0.010469697262480437,0.0038065495345961328,636,1475492.9609506906
14,0.7000000000000001,17,0.0018373570587325583,0.0015921796325881754,True,0,1.0,0.08936980541366525,0.010002585085671858,0.0034398561361236976,636,1478599.522523007
14,0.7000000000000001,18,0.0015921796325881754,0.0013898719778816515,True,0,1.0,0.08054020918844526,0.009567444912290383,0.003109594370564713,636,1481608.3723738003
14,0.7000000000000001,19,0.0013898719778816515,0.0012225986512963694,True,0,1.0,0.07257588105170881,0.009161832290343602,0.0028121960644271935,636,1484520.6256570346
14,0.7000000000000001,20,0.0012225986512963694,0.0010839771804836973,True,0,1.0,0.06539374867145907,0.00878347804517112,0.0025444293785834445,636,1487336.6313180858
14,0.7000000000000001,21,0.0010839771804836973,0.0009688079033808306,True,0,1.0,0.058918341195317254,0.008430281433817577,0.0023033711250518224,636,1490056.2665797893
14,0.7000000000000001,22,0.0009688079033808306,0.0008728537084655708,True,0,1.0,0.05308118170085203,0.008100302232789142,0.0020863801103791074,636,1492679.160054794
14,0.7000000000000001,23,0.0008728537084655708,0.0007926606382254731,True,0,1.0,0.04782020607611365,0.007791752010919337,0.0018910718924248218,636,1495204.857219715
14,0.7000000000000001,24,0.0007926606382254731,0.0007254118836926837,True,0,1.0,0.043079213678912355,0.0075029848762172575,0.001715295163020774,636,1497632.9400821086
14,0.7000000000000001,25,0.0007254118836926837,0.0006688090184576723,True,0,1.0,0.03880735267986344,0.00723248797265988,0.001557109849138635,636,1499963.1111381587
14,0.7000000000000001,26,0.0006688090184576723,0.0006209754259579592,True,0,1.0,0.03495864125891815,0.0069788719646754925,0.0014147669446454207,636,1502195.249212904
14,0.7000000000000001,27,0.0006209754259579592,0.000580377791129516,True,0,1.0,0.03149152461306024,0.006740861701296902,0.0012866900321014617,636,1504329.4445460564
14,0.7000000000000001,28,0.000580377791129516,0.0005457622848287214,True,0,1.0,0.028368466906669193,0.0065172872055978244,0.0011714584212549975,636,1506366.0167797916
14,0.7000000000000001,29,0.0005457622848287214,0.0005161026923826695,True,0,1.0,0.02555557675210387,0.0063070750928002845,0.0010677918119383946,636,1508305.5216052823
14,0.7000000000000001,30,0.0005161026923826695,0.0004905582484683313,True,0,1.0,0.023022264469232608,0.006109240484636388,0.0009745363796657071,636,1510148.7481315334
14,0.7000000000000001,31,0.0004905582484683313,0.0004684393573474166,True,0,1.0,0.02074092918155028,0.005922879458588239,0.0008906521792752277,636,1511896.7099826834
14,0.7000000000000001,32,0.0004684393573474166,0.00044917971860780614,True,0,1.0,0.018686673721095278,0.005747162047037412,0.0008152017632774966,636,1513550.631995806
14,0.7000000000000001,33,0.00044917971860780614,0.0004323136557452534,True,0,1.0,0.016837045302483408,0.005581325784469681,0.0007473399154647641,636,1515111.934188009
14,0.7000000000000001,34,0.0004323136557452534,0.0004174576710365141,True,0,1.0,0.015171799965554482,0.005424669787837966,0.0006863044057439293,636,1516582.2136528252
14,0.7000000000000001,35,0.0004174576710365141,0.0004042954332040827,True,0,1.0,0.013672688858912124,0.005276549346711496,0.0006314076781745053,636,1517963.2256082993
14,0.7000000000000001,36,0.0004042954332040827,0.0003925655544843032,True,0,1.0,0.012323264531149465,0.00513637099338717,0.0005820293903027356,636,1519256.8648716258
14,0.7000000000000001,37,0.0003925655544843032,0.0003820516338929325,True,0,1.0,0.011108705503048232,0.005003588020992977,0.0005376097275799365,636,1520465.146469039
14,0.7000000000000001,38,0.0003820516338929325,0.0003725741427076379,True,0,1.0,0.010015657507197078,0.004877696414858935,0.0004976434218491321,636,1521590.187895301
14,0.7000000000000001,39,0.0003725741427076379,0.00036398380732727276,True,0,1.0,0.009032089895561276,0.004758231163446514,0.00046167440731748445,636,1522634.1915868812
14,0.7000000000000001,40,0.00036398380732727276,0.0003561562101983551,True,0,1.0,0.008147165828407589,0.00464476291498991,0.00042929105127889725,636,1523599.4283911202
15,0.75,1,0.03275770705705616,0.02697786898103105,True,0,1.0,0.47640160103611406,0.024086913425320336,0.017221742995560327,636,1524488.2226927797
15,0.75,2,0.02697786898103105,0.022206116508162843,True,0,1.0,0.43310197833439174,0.022444727745400458,0.01564372714773841,636,1531392.6615017757
15,0.75,3,0.022206116508162843,0.0182773091316214,True,0,1.0,0.3932042808717884,0.020947122914360048,0.01418923179473063,636,1537377.2377410466
15,0.75,4,0.0182773091316214,0.015049468451345582,True,0,1.0,0.35657084624902996,0.019575229616909447,0.012854616356557701,636,1542574.3932736756
15,0.75,5,0.015049468451345582,0.012401921027705431,True,0,1.0,0.323033683020916,0.01831475302741409,0.01163448184632427,636,1547105.3777105364
15,0.75,6,0.012401921027705431,0.010233038015047491,True,0,1.0,0.2924067611790612,0.017154655236959672,0.01052231683247122,636,1551078.2526520586
15,0.75,7,0.010233038015047491,0.008457855035297834,True,0,1.0,0.2644953283680267,0.01608611656413322,0.009510995398638158,636,1554587.0837945058
15,0.75,8,0.008457855035297834,0.0070057542762451686,True,0,1.0,0.239102781742491,0.01510178667842213,0.008593147258938864,636,1557712.0635180261
15,0.75,9,0.0070057542762451686,0.005818314973720207,True,0,1.0,0.216035590063863,0.014195279713688473,0.007761422987592227,636,1560520.2988358513
15,0.75,10,0.005818314973720207,0.004847385217013556,True,0,1.0,0.1951066965286903,0.01336085275167539,0.0070086764977702505,636,1563067.0201007016
15,0.75,11,0.004847385217013556,0.004053392826394719,True,0,1.0,0.17613776064327052,0.01259321199510108,0.006328084257890956,636,1565397.006900858
15,0.75,12,0.004053392826394719,0.003403891269307735,True,0,1.0,0.1589605283509858,0.01188740267669507,0.005713217435507544,636,1567546.0772272493
15,0.75,13,0.003403891269307735,0.0028723242295275453,True,0,1.0,0.14341755868510747,0.011238750938213173,0.0051580798834374485,636,1569542.5321361988
15,0.75,14,0.0028723242295275453,0.002436986401037955,True,0,1.0,0.12936248407972262,0.010642836093494654,0.004657121962808464,636,1571408.4887009053
15,0.75,15,0.002436986401037955,0.002080156049558246,True,0,1.0,0.11665993991419688,0.010095479319153876,0.004205237755949302,636,1573161.065554622
15,0.75,16,0.002080156049558246,0.0017873752636384799,True,0,1.0,0.10518526584411918,0.009592740159172067,0.0037977512647355926,636,1574813.4071797517
15,0.75,17,0.0017873752636384799,0.0015468555211826107,True,0,1.0,0.09482405565246628,0.009130915793323556,0.003430395667152395,636,1576375.5487971723
15,0.75,18,0.0015468555211826107,0.0013489885324522444,True,0,1.0,0.08547161241508791,0.008706540300240402,0.0030992885462705713,636,1577855.1321031742
15,0.75,19,0.0013489885324522444,0.0011859448545965545,True,0,1.0,0.0770323505231762,0.008316382553705214,0.0028009051395017116,636,1579257.9873381292
15,0.75,20,0.0011859448545965545,0.0010513452570546367,True,0,1.0,0.06941917453498755,0.007957442223459012,0.0025320510175126563,636,1580588.5989852215
15,0.75,21,0.0010513452570546367,0.0009399921145905044,True,0,1.0,0.06255285611300637,0.007626943822390638,0.002289835137357562,636,1581850.472769353
15,0.75,22,0.0009399921145905044,0.0008476501560492622,True,0,1.0,0.05636142378280287,0.007322328987130749,0.002071643880067691,636,1583046.4199306143
15,0.75,23,0.0008476501560492622,0.0007708676828646066,True,0,1.0,0.05077957540563991,0.00704124729251703,0.001875116445235204,636,1584178.7739341706
15,0.75,24,0.0007708676828646066,0.0007068309003350759,True,0,1.0,0.04574811968610684,0.006781545936501873,0.0016981218084170886,636,1585249.5524866874
15,0.75,25,0.0007068309003350759,0.0006532452972523028,True,0,1.0,0.04121345042705472,0.006541258626515419,0.001538737332062249,636,1586260.575879705
15,0.75,26,0.0006532452972523028,0.000608239091461682,True,0,1.0,0.03712705535887594,0.006318593971413306,0.0013952290427882862,636,1587213.5506559801
15,0.75,27,0.000608239091461682,0.0005702846593084177,True,0,1.0,0.033445060027351,0.0061119236457196045,0.0012660335366534493,636,1588110.1272783105
15,0.75,28,0.0005702846593084177,0.0005381346105810536,True,0,1.0,0.030127806285471345,0.005919770553601846,0.001149741441803013,636,1588951.93684358
15,0.75,29,0.0005381346105810536,0.0005107697840371905,True,0,1.0,0.027139464296498224,0.005740797179228506,0.0010450823490229036,636,1589740.6130743932
15,0.75,30,0.0005107697840371905,0.00048735694110590977,True,0,1.0,0.024447676538110016,0.005573794273804801,0.0009509111111433171,636,1590477.8025687903
15,0.75,31,0.00048735694110590977,0.000467214348033429,True,0,1.0,0.022023232042950164,0.0054176699942013185,0.0008661954091487919,636,1591165.167843731
15,0.75,32,0.000467214348033429,0.00044978377251425616,True,0,1.0,0.01983976897321299,0.005271439579075535,0.0007900044840548909,636,1591804.3844631943
15,0.75,33,0.00044978377251425616,0.0004346076963044343,True,0,1.0,0.01787350357467804,0.00513421561985892,0.0007214989378106567,636,1592397.134718843
15,0.75,34,0.0004346076963044343,0.00042131076885154606,True,0,1.0,0.01610298356179859,0.0050051989628946865,0.0006599215124203238,636,1592945.0992566494
15,0.75,35,0.00042131076885154606,0.0004095847091506455,True,0,1.0,0.014508864033485407,0.004883670259167945,0.0006045887635494898,636,1593449.948102652
15,0.75,36,0.0004095847091506455,0.0003991760115914511,True,0,1.0,0.013073704094438412,0.00476898216224222,0.0005548835524042279,636,1593913.3312867046
15,0.75,37,0.0003991760115914511,0.00038987593212536087,True,0,1.0,0.011781782449127103,0.004660552163120771,0.0005102482871660304,636,1594336.8695593541
15,0.75,38,0.00038987593212536087,0.0003815123291434075,True,0,1.0,0.010618930337946511,0.004557856041118988,0.00047017885235560046,636,1594722.146775638
15,0.75,39,0.0003815123291434075,0.00037394301305371247,True,0,1.0,0.009572380291930771,0.004460421902829427,0.0004342191707916337,636,1595070.7021906413
15,0.75,40,0.00037394301305371247,0.00036705032347605915,True,0,1.0,0.008630629290154793,0.004367824776098043,0.00040195634800180063,636,1595384.024921655
16,0.8,1,0.03255493196869341,0.026805565176550306,True,0,1.0,0.5054600708048309,0.023561709085387645,0.017180354178191252,636,1595663.5487219596
16,0.8,2,0.026805565176550306,0.02205991179343403,True,0,1.0,0.45982050699283156,0.0217999123358495,0.015607622090636505,636,1601760.4337757167
16,0.8,3,0.02205991179343403,0.01815343683040993,True,0,1.0,0.4177174967109138,0.020209789159997563,0.014157820688809247,636,1606731.6122738637
16,0.8,4,0.01815343683040993,0.014944747336568143,True,0,1.0,0.3790157460690887,0.01877080183618112,0.01282722658861078,636,1610755.1964203704
16,0.8,5,0.014944747336568143,0.012313694817542076,True,0,1.0,0.34354740616815804,0.017466027482881567,0.011610431217395504,636,1614000.7767857627
16,0.8,6,0.012313694817542076,0.010159099239701264,True,0,1.0,0.31112466810833367,0.016281372745327018,0.010500960735781106,636,1616621.8847954504
16,0.8,7,0.010159099239701264,0.008396368094032103,True,0,1.0,0.2815494067397603,0.015204896087003804,0.009491753848479953,636,1618752.1736910706
16,0.8,8,0.008396368094032103,0.006955185493789484,True,0,1.0,0.2546203819004978,0.014226278576947674,0.008575517406298265,636,1620504.3902955025
16,0.8,9,0.006955185493789484,0.005777372931509928,True,0,1.0,0.23013847344337393,0.013336435761466587,0.007744981867372073,636,1621971.17648876
16,0.8,10,0.005777372931509928,0.004814971947869617,True,0,1.0,0.20791036753027978,0.012527244497220832,0.006993077680948743,636,1623226.9164828353
16,0.8,11,0.004814971947869617,0.004028565040047338,True,0,1.0,0.18775104505322412,0.011791355589687042,0.0063130510751572624,636,1624330.0636731912
16,0.8,12,0.004028565040047338,0.003385830159086556,True,0,1.0,0.16948535864302094,0.011122066829715355,0.005698534602162438,636,1625325.5777722402
16,0.8,13,0.003385830159086556,0.0028603122630249667,True,0,1.0,0.15294892725168577,0.010513236731440837,0.005143584712178366,636,1626247.2526645772
16,0.8,14,0.0028603122630249667,0.002430389597539162,True,0,1.0,0.1379885283859861,0.00995922473143124,0.004642695884445853,636,1627119.8186432002
16,0.8,15,0.002430389597539162,0.002078410456804125,True,0,1.0,0.12446212773021603,0.009454848030745542,0.004190798545496172,636,1627960.7722742658
16,0.8,16,0.002078410456804125,0.0017899765849707094,True,0,1.0,0.11223865334580668,0.008995348547579572,0.0037832461570370475,636,1628781.9273308069
16,0.8,17,0.0017899765849707094,0.0015533510716521093,True,0,1.0,0.10119759579118542,0.008576365764701666,0.0034157954119171884,636,1629590.7032524152
16,0.8,18,0.0015533510716521093,0.0013589708981501802,True,0,1.0,0.09122849524001016,0.008193912835133897,0.0030845823726314103,636,1630391.1787918627
16,0.8,19,0.0013589708981501802,0.0011990467907622149,True,0,1.0,0.08223036094611595,0.00784435435953669,0.0027860965570389606,636,1631184.942737141
16,0.8,20,0.0011990467907622149,0.001067235485725515,True,0,1.0,0.07411105629572799,0.007524384940209711,0.0025171543607864933,636,1631971.7720560494
16,0.8,21,0.001067235485725515,0.0009583717793942848,True,0,1.0,0.06678667344114361,0.007231008060637702,0.0022748727556341853,636,1632750.1675611346
16,0.8,22,0.0009583717793942848,0.0008682497624686869,True,0,1.0,0.06018091449644436,0.006961515125228602,0.0020566438768048734,636,1633517.7727084188
16,0.8,23,0.0008682497624686869,0.0007934444047047462,True,0,1.0,0.054224490996691355,0.006713464665825148,0.0018601108793234323,636,1634271.6960196588
16,0.8,24,0.0007934444047047462,0.0007311661702094074,True,0,1.0,0.04885454937576007,0.006484661824039082,0.00168314527847027,636,1635008.7575613994
16,0.8,25,0.0007311661702094074,0.000679142624708251,True,0,1.0,0.04401412729521004,0.006273138267277617,0.0015238258748503616,636,1635725.6738755987
16,0.8,26,0.000679142624708251,0.0006355220706124598,True,0,1.0,0.039651643512689225,0.006077132711497704,0.001380419286308135,636,1636419.194442815
16,0.8,27,0.0006355220706124598,0.0005987951396707603,True,0,1.0,0.03572042242508563,0.005895072216646762,0.0012513620568585845,636,1637086.1991659051
16,0.8,28,0.0005987951396707603,0.0005677310129573732,True,0,1.0,0.03217825331490556,0.005725554398328975,0.0011352442795462296,636,1637723.7667676718
16,0.8,29,0.0005677310129573732,0.000541325548210625,True,0,1.0,0.028986983556717538,0.005567330668462735,0.0010307946502292541,636,1638329.2193283043
16,0.8,30,0.000541325548210625,0.0005187590956446941,True,0,1.0,0.026112144518654224,0.0054192905849627035,0.0009368668587418065,636,1638900.1491517057
16,0.8,31,0.0005187590956446941,0.0004993621939123338,True,0,1.0,0.0235226085581094,0.005280447357037387,0.0008524272199489155,636,1639434.4317692355
16,0.8,32,0.0004993621939123338,0.0004825876739784629,True,0,1.0,0.021190275311454607,0.005149924521843932,0.000776543447817177,636,1639930.2293672091
16,0.8,33,0.0004825876739784629,0.0004679879725582037,True,0,1.0,0.01908978537746568,0.005026943782522351,0.0007083744793139777,636,1640385.9862649404
16,0.8,34,0.0004679879725582037,0.0004551966804684504,True,0,1.0,0.01719825946594765,0.004910813975108062,0.0006471612607284494,636,1640800.418955473
16,0.8,35,0.0004551966804684504,0.00044391353367878583,True,0,1.0,0.015495061104975692,0.004800921115228486,0.0005922184160394731,636,1641172.502900049
16,0.8,36,0.00044391353367878583,0.000433892202415187,True,0,1.0,0.013961581056494773,0.004696719464537986,0.0005429267246326563,636,1641501.4561963307
16,0.8,37,0.000433892202415187,0.00042493035510526855,True,0,1.0,0.012581041670365407,0.004597723546391747,0.0004987263435352318,636,1641786.7225666086
16,0.8,38,0.00042493035510526855,0.00041686157141629376,True,0,1.0,0.011338319499999232,0.004503501038754253,0.0004591107167261797,636,1642027.9527716017
16,0.8,39,0.00041686157141629376,0.0004095487586465163,True,0,1.0,0.010219784605152358,0.004413666468572283,0.0004236211206929669,636,1642224.9866362782
16,0.8,40,0.0004095487586465163,0.0004028787905682174,True,0,1.0,0.009213155072159194,0.004327875633669968,0.0003918418006213013,636,1642377.8348773592
17,0.8500000000000001,1,0.032415333637162536,0.026689350139482038,True,0,1.0,0.5385574746348825,0.022731582460549342,0.017154401090191444,636,1642486.6617236212
17,0.8500000000000001,2,0.026689350139482038,0.021964484928894246,True,0,1.0,0.4901750741293002,0.020945488317076315,0.015583482337166653,636,1648731.8497367394
17,0.8500000000000001,3,0.021964484928894246,0.018076285521796298,True,0,1.0,0.4454942793378708,0.019350929607878688,0.014135457658306939,636,1653344.777306826
17,0.8500000000000001,4,0.018076285521796298,0.014883543490970874,True,0,1.0,0.4043834953140428,0.01792362032206062,0.012806522775514901,636,1656649.0610391411
17,0.8500000000000001,5,0.014883543490970874,0.012266341320071206,True,0,1.0,0.3666749202374707,0.016642961746971628,0.011591229020090493,636,1658921.990430633
17,0.8500000000000001,6,0.012266341320071206,0.010123741630900573,True,0,1.0,0.33217785935846417,0.015491530640793,0.010483089754763105,636,1660395.348699699
17,0.8500000000000001,7,0.010123741630900573,0.008371386131609593,True,0,1.0,0.3006890474039121,0.014454531043550123,0.009475047805921994,636,1661258.9641051316
17,0.8500000000000001,8,0.008371386131609593,0.00693917433971547,True,0,1.0,0.2720004578725433,0.013519296342145446,0.00855982360630905,636,1661665.56514632
17,0.8500000000000001,9,0.00693917433971547,0.005769120065992839,True,0,1.0,0.24590505987216876,0.012674874256077856,0.00773016560760046,636,1661736.0534399457
17,0.8500000000000001,10,0.005769120065992839,0.004813433390604027,True,0,1.0,0.22220093600573798,0.011911697945618345,0.006979023449809823,636,1661564.658551106
17,0.8500000000000001,11,0.004813433390604027,0.004032842808100567,True,0,1.0,0.2006941161882945,0.011221333011936455,0.006299661846614199,636,1661223.6792756787
17,0.8500000000000001,12,0.004032842808100567,0.0033951518652227675,True,0,1.0,0.181200422555503,0.010596285860952126,0.005685730118438244,636,1660767.669015402
17,0.8500000000000001,13,0.0033951518652227675,0.0028740131562642324,True,0,1.0,0.16354656528493716,0.01002985914053895,0.005131299329109848,636,1660237.0234016324
17,0.8500000000000001,14,0.0028740131562642324,0.0024478970181375237,True,0,1.0,0.14757068065090848,0.009516042045008324,0.004630876330531415,636,1659660.987671978
17,0.8500000000000001,15,0.0024478970181375237,0.0020992305155090873,True,0,1.0,0.13312246165788802,0.009049425818806137,0.0041794017942587,636,1659060.1344017964
17,0.8500000000000001,16,0.0020992305155090873,0.0018136828112065295,True,0,1.0,0.1200629978686541,0.008625137154078819,0.0037722375139719903,636,1658448.375294513
17,0.8500000000000001,17,0.0018136828112065295,0.0015795747637638025,True,0,1.0,0.10826441381533888,0.008238784140908454,0.003405146856171233,636,1657834.5763606676
17,0.8500000000000001,18,0.0015795747637638025,0.001387392925068176,True,0,1.0,0.09760937373096826,0.00788641096905871,0.0030742711574838926,636,1657223.840944961
17,0.8500000000000001,19,0.001387392925068176,0.0012293906213027839,True,0,1.0,0.08799050333432354,0.007564458742671724,0.0027761040534362365,636,1656618.5184961476
17,0.8500000000000001,20,0.0012293906213027839,0.0010992612527725987,True,0,1.0,0.07930976618163832,0.00726973062517682,0.002507465118686991,636,1656018.9918630172
17,0.8500000000000001,21,0.0010992612527725987,0.0009918712153582643,True,0,1.0,0.07147782191388763,0.00699936014872085,0.002265473754533332,636,1655424.2850968852
17,0.8500000000000001,22,0.0009918712153582643,0.0009030418691043929,True,0,1.0,0.06441338594554141,0.00675078195776156,0.0020475239370213835,636,1654832.5283771073
17,0.8500000000000001,23,0.0009030418691043929,0.0008293717430679637,True,0,1.0,0.05804260424115982,0.00652170455257427,0.0018512602076619224,636,1654241.30923713
17,0.8500000000000001,24,0.0008293717430679637,0.0007680916757066836,True,0,1.0,0.05229845238836663,0.0063100847954186004,0.0016745551247675412,636,1653647.9352744813
17,0.8500000000000001,25,0.0007680916757066836,0.0007169468679337765,True,0,1.0,0.04712016486800627,0.006114104062140874,0.0015154882790260444,636,1653049.6257799272
17,0.8500000000000001,26,0.0007169468679337765,0.0006741008981201446,True,0,1.0,0.042452697980441725,0.00593214598901301,0.0013723268985526046,636,1652443.650399656
17,0.8500000000000001,27,0.0006741008981201446,0.000638057639046341,True,0,1.0,0.038246228104263626,0.0057627757983945175,0.0012435080162581105,636,1651827.4245381702
17,0.8500000000000001,28,0.000638057639046341,0.0006075977557836731,True,0,1.0,0.03445568568444405,0.005604721191229077,0.0011276221388183906,636,1651198.5731147067
17,0.8500000000000001,29,0.0006075977557836731,0.000581727071564897,True,0,1.0,0.031040324443479653,0.005456854790255278,0.0010233983361347108,636,1650554.9697921132
17,0.8500000000000001,30,0.000581727071564897,0.0005596345887417531,True,0,1.0,0.02796332469079521,0.005318178102725811,0.0009296906593079462,636,1649894.7579070206
17,0.8500000000000001,31,0.0005596345887417531,0.0005406583616294203,True,0,1.0,0.025191429198024962,0.005187806955689597,0.0008454657908406064,636,1649216.3578401294
17,0.8500000000000001,32,0.0005406583616294203,0.0005242577528542514,True,0,1.0,0.02269460985666022,0.005064958341335542,0.0007697918310856823,636,1648518.463778037
17,0.8500000000000001,33,0.0005242577528542514,0.0005099908785873852,True,0,1.0,0.020445763198071298,0.004948938596287507,0.0007018281284389782,636,1647800.034587497
17,0.8500000000000001,34,0.0005099908785873852,0.0004974962709002329,True,0,1.0,0.01842043280182546,0.00483913282964352,0.0006408160663520975,636,1647060.2792450623
17,0.8500000000000001,35,0.0004974962709002329,0.0004864779672544284,True,0,1.0,0.016596556623583576,0.004734995507684845,0.000586070727212358,636,1646298.6391538617
17,0.8500000000000001,36,0.0004864779672544284,0.0004766933850250954,True,0,1.0,0.014954237319918346,0.004636042100350739,0.0005369733608408904,636,1645514.7690221965
17,0.8500000000000001,37,0.0004766933850250954,0.00046794345928558023,True,0,1.0,0.013475533721293084,0.0045418416943902515,0.0004929645932975509,636,1644708.5166137086
17,0.8500000000000001,38,0.00046794345928558023,0.0004600646196741831,True,0,1.0,0.012144271695896033,0.00445201048030556,0.00045353831933323604,636,1643879.9023938943
17,0.8500000000000001,39,0.0004600646196741831,0.0004529222623697038,True,0,1.0,0.010945872749259445,0.004366206023108269,0.0004182362287027337,636,1643029.1001730552
17,0.8500000000000001,40,0.0004529222623697038,0.00044640543666363275,True,0,1.0,0.009867198810607799,0.004284122234705127,0.00038664292207384976,636,1642156.4174183272
18,0.9,1,0.03232182170136433,0.02661183267506173,True,0,1.0,0.5748738183543868,0.022003029336947654,0.017138495821200854,636,1641262.277673909
18,0.9,2,0.02661183267506173,0.02190147893429062,True,0,1.0,0.5233963123140781,0.02022649613271264,0.015567979467110912,636,1644153.2469895503
18,0.9,3,0.02190147893429062,0.018026198399499482,True,0,1.0,0.4758213958799995,0.018649881620499374,0.014120606666765963,636,1645031.8268353527
18,0.9,4,0.018026198399499482,0.014844813883990615,True,0,1.0,0.43201934649768087,0.017246809580793592,0.012792451211899607,636,1644362.7526321674
18,0.9,5,0.014844813883990615,0.012237516446502061,True,0,1.0,0.391819865856487,0.015994827641476056,0.011577980916810449,636,1642537.6743249423
18,0.9,6,0.012237516446502061,0.010103513069595782,True,0,1.0,0.35502648469467313,0.014874937133138413,0.010470655160675286,636,1639877.9465517667
18,0.9,7,0.010103513069595782,0.008358600032407515,True,0,1.0,0.32142782624400135,0.013871051776355761,0.00946338436502683,636,1636641.362818436
18,0.9,8,0.008358600032407515,0.0069328269948716326,True,0,1.0,0.290806195194608,0.012969482737173113,0.008548871630015357,636,1633030.644097607
18,0.9,9,0.0069328269948716326,0.005768345945963871,True,0,1.0,0.2629439583829362,0.012158493232833516,0.007719858148353353,636,1629202.26027339
18,0.9,10,0.005768345945963871,0.004817490024856541,True,0,1.0,0.2376281463143665,0.011427933969100355,0.006969292712234471,636,1625274.7548498104
18,0.9,11,0.004817490024856541,0.004041095061595001,True,0,1.0,0.2146536505969682,0.010768954479644492,0.006290443018036704,636,1621336.154617432
18,0.9,12,0.004041095061595001,0.00340705698530519,True,0,1.0,0.1938253335266,0.010173778816888551,0.0056769634442530165,636,1617450.3112336914
18,0.9,13,0.00340705698530519,0.0028891072426072695,True,0,1.0,0.17495930941654167,0.009635532628367735,0.005122931036437044,636,1613662.1806832105
18,0.9,14,0.0028891072426072695,0.0024657831443049005,True,0,1.0,0.15788360636330293,0.009148109703201845,0.004622858826628085,636,1610002.1294525121
18,0.9,15,0.0024657831443049005,0.002119568497066293,True,0,1.0,0.14243837339661558,0.008706068040154799,0.004171693432596935,636,1606489.3927991823
18,0.9,16,0.002119568497066293,0.0018361804976165796,True,0,1.0,0.12847576151675857,0.00830454759502899,0.0037648021237404604,636,1603134.8177532312
18,0.9,17,0.0018361804976165796,0.0016039806816904312,True,0,1.0,0.11585957745167795,0.007939203759330295,0.003397953162349217,636,1599943.0173162227
18,0.9,18,0.0016039806816904312,0.00141349008917524,True,0,1.0,0.10446478523053518,0.007606152192877987,0.003067292171317012,636,1596914.0481014326
18,0.9,19,0.00141349008917524,0.0012569913374868014,True,0,1.0,0.09417691194870252,0.007301921870533943,0.002769316481212675,636,1594044.70669093
18,0.9,20,0.0012569913374868014,0.0011282027559861296,True,0,1.0,0.08489139950112522,0.007023414147211016,0.0025008488155698026,636,1591329.5231874706
18,0.9,21,0.0011282027559861296,0.0010220120052040205,True,0,1.0,0.07651293279252969,0.0067678663420053225,0.0022590112366280956,636,1588761.5183939412
18,0.9,22,0.0010220120052040205,0.0009342586268273889,True,0,1.0,0.06895476630767229,0.006532818847938012,0.0020411999562978417,636,1586332.7742713452
18,0.9,23,0.0009342586268273889,0.0008615567322851625,True,0,1.0,0.06213806438156392,0.006316085123614195,0.0018450613892374234,636,1584034.8602613616
18,0.9,24,0.0008615567322851625,0.000801150545755136,True,0,1.0,0.05599126558287827,0.006115724161554293,0.0016684696631754576,636,1581859.1484749056
18,0.9,25,0.000801150545755136,0.0007507967929192283,True,0,1.0,0.050449477948674624,0.0059300151799995034,0.0015095056886266823,636,1579797.0419923924
18,0.9,26,0.0007507967929192283,0.0007086689960931203,True,0,1.0,0.04545390909312248,0.0057574343762890326,0.0013664378126603857,636,1577840.1373140628
18,0.9,27,0.0007086689960931203,0.0006732796258560603,True,0,1.0,0.04095133322899754,0.005596633630435908,0.0012377040295420932,636,1575980.33699917
18,0.9,28,0.0006732796258560603,0.0006434167957743986,True,0,1.0,0.036893595712996066,0.0054464210694112015,0.0011218956877260648,636,1574209.9234894884
18,0.9,29,0.0006434167957743986,0.0006180927941732417,True,0,1.0,0.03323715471674979,0.005305743408676116,0.0010177426124549068,636,1572521.604613538
18,0.9,30,0.0006180927941732417,0.0005965022450102886,True,0,1.0,0.029942658930232968,0.0051736699853886185,0.000924099552292477,636,1570908.537163203
18,0.9,31,0.0005965022450102886,0.0005779880992973219,True,0,1.0,0.026974559744692254,0.005049378389106344,0.0008399338536021436,636,1569364.3355260366
18,0.9,32,0.0005779880992973219,0.0005620139920960998,True,0,1.0,0.024300756073824488,0.004932141590773156,0.000764314267102424,636,1567883.0680658643
18,0.9,33,0.0005620139920960998,0.0005481417734407579,True,0,1.0,0.021892269812710575,0.004821316463024491,0.000696400794017709,636,1566459.2457358711
18,0.9,34,0.0005481417734407579,0.0005360132438986254,True,0,1.0,0.019722949864913554,0.004716333582772313,0.0006354354847568005,636,1565087.8050468997
18,0.9,35,0.0005360132438986254,0.000525335306591046,True,0,1.0,0.017769202665715883,0.0046166882056864885,0.0005807341099127456,636,1563764.087721194
18,0.9,36,0.000525335306591046,0.0005158678953620655,True,0,1.0,0.016009747172735133,0.004521932303213552,0.0005316786310382525,636,1562483.8176126147
18,0.9,37,0.0005158678953620655,0.0005074141586104419,True,0,1.0,0.01442539236873275,0.004431667557320112,0.0004877104065889114,636,1561243.0765987537
18,0.9,38,0.0005074141586104419,0.0004998124759106881,True,0,1.0,0.012998835415829647,0.0043455392127281335,0.0004483240762333007,636,1560038.280494534
18,0.9,39,0.0004998124759106881,0.0004929299640348273,True,0,1.0,0.011714478706316556,0.004263230692700612,0.0004130620738530004,636,1558866.1551127203
18,0.9,40,0.0004929299640348273,0.00048665719311924427,True,0,1.0,0.01055826416700564,0.004184458891962887,0.00038150972549867403,636,1557723.7124480437
19,0.9500000000000001,1,0.03224290146793696,0.0265443379360083,True,0,1.0,0.6136286582759608,0.021462117789175197,0.017127925564763617,636,1556608.2287504643
19,0.9500000000000001,2,0.0265443379360083,0.021844705499253547,True,0,1.0,0.5587739144645514,0.01967985489088968,0.015557198189620685,636,1554358.903826162
19,0.9500000000000001,3,0.021844705499253547,0.01797925453467042,True,0,1.0,0.5080537261217153,0.018102885898178985,0.014109884301121436,636,1550425.8410120225
19,0.9500000000000001,4,0.01797925453467042,0.01480675249226171,True,0,1.0,0.4613376848072557,0.01670417204950523,0.012781944252462514,636,1545344.6585692088
19,0.9500000000000001,5,0.01480675249226171,0.012207411371207288,True,0,1.0,0.41845026514319605,0.015460488415826555,0.011567768587947891,636,1539537.509288721
19,0.9500000000000001,6,0.012207411371207288,0.010080499272922983,True,0,1.0,0.3791865131480093,0.014352024780880556,0.010460766561764723,636,1533329.0537200554
19,0.9500000000000001,7,0.010080499272922983,0.008341891462039452,True,0,1.0,0.3433243691693882,0.013361909414019046,0.009453817863773743,636,1526963.1652434822
19,0.9500000000000001,8,0.008341891462039452,0.006921721338689735,True,0,1.0,0.310634100619973,0.01247574081680436,0.008539608133359902,636,1520618.5368472284
19,0.9500000000000001,9,0.006921721338689735,0.00576222215336375,True,0,1.0,0.2808853334569028,0.01168116885877178,0.007710869812183909,636,1514422.3589523823
19,0.9500000000000001,10,0.00576222215336375,0.004815802211583509,True,0,1.0,0.2538521405717474,0.010967539955315358,0.006960548401774493,636,1508461.826537399
19,0.9500000000000001,11,0.004815802211583509,0.004043364935628513,True,0,1.0,0.2293165921292924,0.010325606275207308,0.006281911538665277,636,1502793.552094874
19,0.9500000000000001,12,0.004043364935628513,0.0034128659985378507,True,0,1.0,0.20707111185034519,0.009747292033060191,0.00566861529494612,636,1497451.1067414838
19,0.9500000000000001,13,0.0034128659985378507,0.0028980891020545796,True,0,1.0,0.18691992290572323,0.009225507495577732,0.0051147392192779605,636,1492450.9682165806
19,0.9500000000000001,14,0.0028980891020545796,0.0024776169794338276,True,0,1.0,0.168679812091594,0.008754001278544265,0.004614799078978675,636,1487797.152776949
19,0.9500000000000001,15,0.0024776169794338276,0.0021339727873418424,True,0,1.0,0.15218039329198335,0.008327242551449688,0.004163744126788689,636,1483484.784469119
19,0.9500000000000001,16,0.0021339727873418424,0.0018529077610629496,True,0,1.0,0.13726401133399052,0.00794032618287245,0.0037569439933973336,636,1479502.8184983067
19,0.9500000000000001,17,0.0018529077610629496,0.0016228128731522462,True,0,1.0,0.12378539477134319,0.007588895287102513,0.00339016895552208,636,1475836.1004706006
19,0.9500000000000001,18,0.0016228128731522462,0.0014342346356447377,True,0,1.0,0.11161114005081818,0.007269076904061082,0.0030595662911985294,636,1472466.9079351188
19,0.9500000000000001,19,0.0014342346356447377,0.0012794777320196404,True,0,1.0,0.10061908893765624,0.006977427608438607,0.002761634649298773,636,1469376.0927036044
19,0.9500000000000001,20,0.0012794777320196404,0.0011522796351484121,True,0,1.0,0.090697645039658,0.006710886692108541,0.002493197775670835,636,1466543.9154029803
19,0.9500000000000001,21,0.0011522796351484121,0.0010475446412369083,True,0,1.0,0.08174506289788923,0.0064667352204439135,0.0022513785078739504,636,1463950.6461112178
19,0.9500000000000001,22,0.0010475446412369083,0.0009611267745393004,True,0,1.0,0.07366873365413595,0.00624255975594896,0.002033573637292006,636,1461576.987209892
19,0.9500000000000001,23,0.0009611267745393004,0.0008896527783235353,True,0,1.0,0.06638448413466969,0.006036219903405185,0.001837430012104885,636,1459404.3615655168
19,0.9500000000000001,24,0.0008896527783235353,0.0008303779156909608,True,0,1.0,0.05981590080002401,0.005845819084714695,0.0016608220946756301,636,1457415.1005727584
19,0.9500000000000001,25,0.0008303779156909608,0.0007810685784058746,True,0,1.0,0.05389368599112523,0.005669678127922111,0.001501831074899448,636,1455592.557188315
19,0.9500000000000001,26,0.0007810685784058746,0.0007399067697145822,True,0,1.0,0.048555050935815386,0.005506311370335988,0.0013587255641813857,636,1453921.1639787217
19,0.9500000000000001,27,0.0007399067697145822,0.0007054124167635845,True,0,1.0,0.04374314781486985,0.005354405048288103,0.0012299438432268022,636,1452386.450986273
19,0.9500000000000001,28,0.0007054124167635845,0.0006763802028482147,True,0,1.0,0.0394065416267402,0.005212797791872016,0.0011140776034757058,636,1450975.035702379
19,0.9500000000000001,29,0.0006763802028482147,0.0006518282172462975,True,0,1.0,0.035498721490709484,0.005080463065895007,0.0010098571018421632,636,1449674.5922718921
19,0.9500000000000001,30,0.0006518282172462975,0.0006309562175417227,True,0,1.0,0.031977650267444105,0.0049564934142243885,0.0009161376372287848,636,1448473.8077599807
19,0.9500000000000001,31,0.0006309562175417227,0.0006131117082994741,True,0,1.0,0.02880535087391283,0.0048400863696233315,0.0008318872527501613,636,1447362.3297072812
19,0.9500000000000001,32,0.0006131117082994741,0.0005977623732023041,True,0,1.0,0.025947527352987023,0.004730531896941255,0.0007561755673688488,636,1446330.7088764026
19,0.9500000000000001,33,0.0005977623732023041,0.0005844736708442433,True,0,1.0,0.023373218581740494,0.004627201239524567,0.0006881636436324546,636,1445370.339484587
19,0.9500000000000001,34,0.0005844736708442433,0.000572890626235778,True,0,1.0,0.021054482424045014,0.004529537043633959,0.0006270948031758048,636,1444473.3991649654
19,0.9500000000000001,35,0.000572890626235778,0.0005627230311785469,True,0,1.0,0.018966108127573888,0.004437044639345333,0.0005722863081185019,636,1443632.7900453294
19,0.9500000000000001,36,0.0005627230311785469,0.0005537334142897699,True,0,1.0,0.017085354808717403,0.004349284362235228,0.0005231218337895305,636,1442842.081542887
19,0.9500000000000001,37,0.0005537334142897699,0.000545727260988671,True,0,1.0,0.015391713945741252,0.004265864807361138,0.0004790446659665892,636,1442095.4555348759
19,0.9500000000000001,38,0.000545727260988671,0.0005385450615310594,True,0,1.0,0.013866693900206272,0.004186436913599125,0.00043955156371275935,636,1441387.6554967691
19,0.9500000000000001,39,0.0005385450615310594,0.0005320558441584966,True,0,1.0,0.01249362459829631,0.004110688784930409,0.0004041872364245563,636,1440713.9374771107
19,0.9500000000000001,40,0.0005320558441584966,0.0005261519149127869,True,0,1.0,0.011257480622937825,0.004038341162724574,0.00037253939054228993,636,1440070.0248938722
20,1.0,1,0.03215507200849943,0.026468731219165265,True,0,1.0,0.6537620144451177,0.020939837991186615,0.017116842495291835,636,1439452.0672418226
20,1.0,2,0.026468731219165265,0.02178077297341463,True,0,1.0,0.5953198387589796,0.019141165127241434,0.015545395514525152,636,1433466.4594681868
20,1.0,3,0.02178077297341463,0.017926201165811118,True,0,1.0,0.5412722393700192,0.01755619079048694,0.014097674063022328,636,1426546.7486560643
20,1.0,4,0.017926201165811118,0.014763672399767835,True,0,1.0,0.491485333857561,0.01615687008963253,0.01276954201226372,636,1419141.8567460885
20,1.0,5,0.014763672399767835,0.01217337260366047,True,0,1.0,0.44577558754061036,0.014918820758865895,0.01155532106114347,636,1411583.3737260334
20,1.0,6,0.01217337260366047,0.010054594414275586,True,0,1.0,0.40392689027967077,0.013821051086098445,0.010448372178414171,636,1404108.8618106234
20,1.0,7,0.010054594414275586,0.008323265859972562,True,0,1.0,0.3657040043726544,0.012845574899523744,0.009441541612406498,636,1396882.3778886702
20,1.0,8,0.008323265859972562,0.0069095870351533195,True,0,1.0,0.330862876546647,0.011976997515517077,0.008527492043998124,636,1390011.7368512214
20,1.0,9,0.0069095870351533195,0.005755862928630617,True,0,1.0,0.29915833434873274,0.011202120827101465,0.007698940238677644,636,1383562.568110764
20,1.0,10,0.005755862928630617,0.0048145732965998445,True,0,1.0,0.2703496611540259,0.010509591220123746,0.006948821018509423,636,1377569.4775111037
20,1.0,11,0.0048145732965998445,0.004046689688130489,True,0,1.0,0.24420449007695577,0.009889598586268368,0.006270394737825046,636,1372044.7341507056
20,1.0,12,0.004046689688130489,0.0034202309985902346,True,0,1.0,0.22050139232139715,0.009333625861611253,0.005657312481710424,636,1366984.9150312508
20,1.0,13,0.0034202309985902346,0.0029090385703104404,True,0,1.0,0.19903147031779322,0.008834244063804075,0.005103650357103444,636,1362375.913633462
20,1.0,14,0.0029090385703104404,0.0024917470635295036,True,0,1.0,0.17959920602617843,0.008384946054192962,0.00460392173006508,636,1358196.6615532353
20,1.0,15,0.0024917470635295036,0.0021509260319892975,True,0,1.0,0.16202276257494566,0.007980012050710595,0.004153074156069404,636,1354421.8569419049
20,1.0,16,0.0021509260319892975,0.0018723679322394382,True,0,1.0,0.1461338936172126,0.007614400507351599,0.0037464760505102512,636,1351023.9349018268
20,1.0,17,0.0018723679322394382,0.0016445002167786438,True,0,1.0,0.13177757902659126,0.007283658901641953,0.0033798968118906258,636,1347974.4676078134
20,1.0,18,0.0016445002167786438,0.0014579015961693198,True,0,1.0,0.11881147693160084,0.006983849970855932,0.0030494830837666516,636,1345245.138816906
20,1.0,19,0.0014579015961693198,0.0013049051241884602,True,0,1.0,0.10710525952912067,0.0067114898776249685,0.002751733065142643,636,1342808.403376416
20,1.0,20,0.0013049051241884602,0.0011792732446251897,True,0,1.0,0.09653988256079901,0.006463495602057607,0.002483470200038369,636,1340637.9170821253
20,1.0,21,0.0011792732446251897,0.001075932220543585,True,0,1.0,0.08700682481355905,0.006237139532486092,0.002241817150399325,636,1338708.7989581195
20,1.0,22,0.001075932220543585,0.0009907553972967609,True,0,1.0,0.07840732368661012,0.00603000976120993,0.002024170646007652,636,1336997.7745623447
20,1.0,23,0.0009907553972967609,0.0009203865147434653,True,0,1.0,0.07065162505711158,0.005839975002216115,0.0018281775814978887,636,1335483.23402533
20,1.0,24,0.0009203865147434653,0.0008620957935148166,True,0,1.0,0.06365825981670192,0.005665153350897262,0.00165171257181201,636,1334145.2318120508
20,1.0,25,0.0008620957935148166,0.0008136627960843024,True,0,1.0,0.05735335509085914,0.005503884323426902,0.0014928570662407035,636,1332965.4462132389
20,1.0,26,0.0008136627960843024,0.000773281131773218,True,0,1.0,0.051669984939876894,0.005354703764625421,0.001349880044755847,636,1331927.1131882996
20,1.0,27,0.000773281131773218,0.0007394809639492683,True,0,1.0,0.04654756300024402,0.005216321313790176,0.0012212202691281812,636,1331014.9436610625
20,1.0,28,0.0007394809639492683,0.000711066013112549,True,0,1.0,0.041931277843892015,0.005087600183530031,0.0011054700281625945,636,1330215.0321773917
20,1.0,29,0.000711066013112549,0.0006870623558699052,True,0,1.0,0.03777157064819015,0.004967539047213944,0.0010013602961611134,636,1329514.7612427494
20,1.0,30,0.0006870623558699052,0.0006666768176898374,True,0,1.0,0.034023653954995535,0.00485525585594377,0.0009077472125779243,636,1328902.705735463
20,1.0,31,0.0006666768176898374,0.0006492631653324255,True,0,1.0,0.030647069758429606,0.0047499734213379,0.0008235997860961884,636,1328368.538816052
20,1.0,32,0.0006492631653324255,0.0006342946383890435,True,0,1.0,0.02760528482524659,0.00465100661077078,0.0007479887260433878,636,1327902.9413946725
20,1.0,33,0.0006342946383890435,0.0006213416315883347,True,0,1.0,0.024865320964460983,0.004557751009438068,0.0006800763068285596,636,1327497.5169319455
20,1.0,34,0.0006213416315883347,0.0006100535618897007,True,0,1.0,0.022397417882982655,0.004469672910477557,0.0006191071759609009,636,1327144.710087869
20,1.0,35,0.0006100535618897007,0.0006001441348184589,True,0,1.0,0.020174726259494735,0.004386300502061888,0.0005644000224950638,636,1326837.732127514
20,1.0,36,0.0006001441348184589,0.0005913793719430904,True,0,1.0,0.018173028718865863,0.00430721612731854,0.0005153400300842612,636,1326570.4903273082
20,1.0,37,0.0005913793719430904,0.000583567881083713,True,0,1.0,0.016370486473834826,0.004232049501552543,0.0004713720467118353,636,1326337.5244152728
20,1.0,38,0.000583567881083713,0.0005765529481689402,True,0,1.0,0.01474740950899012,0.004160471779761425,0.00043199441139676805,636,1326133.9465471762
20,1.0,39,0.0005765529481689402,0.000570206108687854,True,0,1.0,0.013286048303833575,0.004092190376274983,0.00039675338634302394,636,1325955.3874817833
20,1.0,40,0.000570206108687854,0.0005644219209851586,True,0,1.0,0.01197040522051583,0.004026944447113598,0.0003652381507218609,636,1325797.9465072681
21,1.05,1,0.03206106567091649,0.026388333456641933,True,0,1.0,0.6942972237431865,0.020352006667016566,0.017104535000637616,636,1325658.1465108364
21,1.05,2,0.026388333456641933,0.02171306681740459,True,0,1.0,0.6321270413323011,0.01857242848205416,0.015532127048772042,636,1317140.18346449
21,1.05,3,0.02171306681740459,0.01787001760032103,True,0,1.0,0.5746423514436569,0.01701464542809489,0.01408391301784975,636,1308457.8766239122
21,1.05,4,0.01787001760032103,0.014717752315081434,True,0,1.0,0.5217008102099682,0.015648343925962892,0.012755633090221347,636,1299884.092446052
21,1.05,5,0.014717752315081434,0.012136467352243385,True,0,1.0,0.4731063575957824,0.014447169696854032,0.011541513130746417,636,1291602.5999020203
21,1.05,6,0.012136467352243385,0.01002552413456892,True,0,1.0,0.4286277392124972,0.013388491207503416,0.010434841109726065,636,1283730.578710835
21,1.05,7,0.01002552413456892,0.008300949754544984,True,0,1.0,0.38801308877696905,0.012453009705153489,0.009428408445167817,636,1276336.3834994405
21,1.05,8,0.008300949754544984,0.006893055689268124,True,0,1.0,0.35100109786177053,0.011624315707162512,0.008514837127182083,636,1269453.2936625094
21,1.05,9,0.006893055689268124,0.005744259609878788,True,0,1.0,0.31732933701828475,0.010888452874413578,0.007686814054261508,636,1263089.9726059255
21,1.05,10,0.005744259609878788,0.004807148876452172,True,0,1.0,0.2867402676351291,0.010233521780187438,0.006937252363451523,636,1257238.297411392
21,1.05,11,0.004807148876452172,0.004042794203842903,True,0,1.0,0.25898542634705973,0.009649337160798976,0.006259396849525448,636,1251879.1315241752
21,1.05,12,0.004042794203842903,0.0034193037595739995,True,0,1.0,0.23382819316010073,0.009127140742864451,0.005646887589499083,636,1246986.5154399015
21,1.05,13,0.0034193037595739995,0.002910597967066053,True,0,1.0,0.21104548279507718,0.008659365517944205,0.005093793044243761,636,1242530.6613045703
21,1.05,14,0.002910597967066053,0.0024953807478022005,True,0,1.0,0.1904286326663415,0.00823944454752203,0.004594621405294705,636,1238480.0545805509
21,1.05,15,0.0024953807478022005,0.0021562818235117964,True,0,1.0,0.17178370338848137,0.007861656659437504,0.004144316863271511,636,1234802.8975964817
21,1.05,16,0.0021562818235117964,0.0018791456115149208,True,0,1.0,0.15493135952828746,0.007521001801966996,0.0037382457890142193,636,1231468.0731693376
21,1.05,17,0.0018791456115149208,0.0016524442452297006,True,0,1.0,0.13970645906684306,0.007213099754598158,0.0033721764963411264,636,1228445.7628594644
21,1.05,18,0.0016524442452297006,0.0014667947366997502,True,0,1.0,0.12595744870439382,0.0069341069967896905,0.0030422552392012736,636,1225707.8193414498
21,1.05,19,0.0014667947366997502,0.0013145628989528202,True,0,1.0,0.11354563752320766,0.006680647610686077,0.002744980327816178,636,1223227.9656595911
21,1.05,20,0.0013145628989528202,0.0011895391498429886,True,0,1.0,0.10234440242699115,0.00644975504363749,0.0024771756757323354,636,1220981.8748603924
21,1.05,21,0.0011895391498429886,0.0010866736135037858,True,0,1.0,0.09223836411832297,0.006238822344845667,0.002235964668013089,636,1218947.1690227764
21,1.05,22,0.0010866736135037858,0.0010018599725892807,True,0,1.0,0.08312256123005858,0.006045559115026587,0.002018744933864301,636,1217103.3649710813
21,1.05,23,0.0010018599725892807,0.000931759292223,True,0,1.0,0.07490164182313855,0.005867953884387996,0.0018231643861476654,636,1215431.7865334298
21,1.05,24,0.000931759292223,0.0008736565478980607,True,0,1.0,0.06748908518294976,0.0057042409844899776,0.0016470987334571907,636,1213915.4568705307
21,1.05,25,0.0008736565478980607,0.0008253438659444612,True,0,1.0,0.060806462192256515,0.00555287123003847,0.0014886305606782709,636,1212538.981814448
21,1.05,26,0.0008253438659444612,0.000785025553214469,True,0,1.0,0.05478273914501355,0.005412485900284918,0.0013460299985736544,636,1211288.4287182188
21,1.05,27,0.000785025553214469,0.000751240881559867,True,0,1.0,0.04935362739214007,0.0052818936266788045,0.0012177369525197673,636,1210151.207570703
21,1.05,28,0.000751240881559867,0.0007228013273360423,True,0,1.0,0.044460979442780074,0.0051600498714778524,0.0011023448278950595,636,1209115.9554452212
21,1.05,29,0.0007228013273360423,0.000698739571630913,True,0,1.0,0.04005223090842686,0.005046038732862587,0.0009985856698319158,636,1208172.4270751898
21,1.05,30,0.000698739571630913,0.0006782680642335448,True,0,1.0,0.03607988683501858,0.004939056846049263,0.0009053166242478397,636,1207311.392199502
21,1.05,31,0.0006782680642335448,0.0006607453616712666,True,0,1.0,0.032501050417505846,0.004838399173443074,0.0008215076226063877,636,1206524.540374171
21,1.05,32,0.0006607453616712666,0.000645648782488295,True,0,1.0,0.029276991755092865,0.004743446494430443,0.0007462301928330762,636,1205804.3929412593
21,1.05,33,0.000645648782488295,0.0006325521948384871,True,0,1.0,0.026372754124798132,0.004653654419720182,0.0006786473018795813,636,1205144.2225723006
21,1.05,34,0.0006325521948384871,0.0006211079729282476,True,0,1.0,0.02375679518187585,0.00456854376813752,0.0006180041406384675,636,1204537.979418344
21,1.05,35,0.0006211079729282476,0.0006110323394433737,True,0,1.0,0.021400660505566996,0.004487692156013428,0.0005636197686450815,636,1203980.2246309638
21,1.05,36,0.0006110323394433737,0.0006020934576993486,True,0,1.0,0.019278686972684787,0.004410726661431196,0.0005148795437645611,636,1203466.0692202344
21,1.05,37,0.0006020934576993486,0.0005941017568447116,True,0,1.0,0.017367733542394872,0.004337317437354378,0.00047122827051916807,636,1202991.1191557378
21,1.05,38,0.0005941017568447116,0.000586902070547124,True,0,1.0,0.015646937158659686,0.0042671721593621715,0.0004321640094379864,636,1202551.4257125952
21,1.05,39,0.000586902070547124,0.0005803672482482813,True,0,1.0,0.014097491613303113,0.004200031205025044,0.0003972324984190552,636,1202143.440631339
21,1.05,40,0.0005803672482482813,0.0005743929625378064,True,0,1.0,0.012702447355697543,0.004135663472543521,0.00036602214506645264,636,1201763.9754040637
22,1.1,1,0.031977238011339226,0.026312829619082434,True,0,1.0,0.7351079701703976,0.01985095962944002,0.01709875074677452,636,1201410.1650821283
22,1.1,2,0.026312829619082434,0.02164527988805509,True,0,1.0,0.6690955871118988,0.01812503339184107,0.015525209079434485,636,1191199.637154554
22,1.1,3,0.02164527988805509,0.017809092016861983,True,0,1.0,0.608090659405003,0.016621989550783305,0.014076414647939815,636,1181258.3154877569
22,1.1,4,0.017809092016861983,0.014662749327747804,True,0,1.0,0.5519358088678717,0.015309504846947599,0.0127479526108794,636,1171739.6479577022
22,1.1,5,0.014662749327747804,0.012086463347447673,True,0,1.0,0.5004169324086245,0.01415979085107598,0.01153392963115587,636,1162738.2317246287
22,1.1,6,0.012086463347447673,0.009979664153743517,True,0,1.0,0.4532830952381514,0.013149258312378499,0.010427544144454919,636,1154305.8652490864
22,1.1,7,0.009979664153743517,0.008258472402229433,True,0,1.0,0.4102621390368981,0.012258026917948625,0.009421521629384626,636,1146463.8427520874
22,1.1,8,0.008258472402229433,0.006853300617693403,True,0,1.0,0.37107258792306547,0.011469391230563696,0.008508436355808217,636,1139212.241429811
22,1.1,9,0.006853300617693403,0.005706665006215084,True,0,1.0,0.33543247408030746,0.010769308456072069,0.007680941259618315,636,1132536.8371775053
22,1.1,10,0.005706665006215084,0.004771243706993444,True,0,1.0,0.303065675373343,0.010145941355064452,0.006931925725075982,636,1126414.1781472045
22,1.1,11,0.004771243706993444,0.004008188148151626,True,0,1.0,0.27370629198813773,0.00958926854975843,0.006254618265410005,636,1120815.2480718854
22,1.1,12,0.004008188148151626,0.0033856765669330047,True,0,1.0,0.24710151000882996,0.009090762073893019,0.005642648078359406,636,1115708.0676656405
22,1.1,13,0.0033856765669330047,0.0028776891998092413,True,0,1.0,0.2230133202065108,0.008643125625433132,0.005090076609396647,636,1111059.506827304
22,1.1,14,0.0028776891998092413,0.0024629803984517196,True,0,1.0,0.20121938732966876,0.008240084422377702,0.004591407768351165,636,1106836.5175010466
22,1.1,15,0.0024629803984517196,0.00212422200605078,True,0,1.0,0.18151330200827342,0.007876217226821938,0.004141583375298458,636,1103006.9481024665
22,1.1,16,0.00212422200605078,0.0018472933616624498,True,0,1.0,0.1637043947443889,0.007546821916367878,0.0037359687474989413,636,1099540.058139467
22,1.1,17,0.0018472933616624498,0.001620695375274983,True,0,1.0,0.14761724878883353,0.007247807275875001,0.003370332035547223,636,1096406.8208949289
22,1.1,18,0.001620695375274983,0.0014350686470835372,True,0,1.0,0.13309101480596086,0.006975605072661716,0.003040819915831282,636,1093580.079216307
22,1.1,19,0.0014350686470835372,0.001282798232548843,True,0,1.0,0.1199786037251767,0.006727097765570435,0.00274393149004952,636,1091034.6000828147
22,1.1,20,0.001282798232548843,0.0011576901739801526,True,0,1.0,0.10814581371794915,0.0064995582966923746,0.0024764916788846954,636,1088747.0612895838
22,1.1,21,0.0011576901739801526,0.0010547072221053222,True,0,1.0,0.09747043161218832,0.006290599302393584,0.002235624981976247,636,1086695.994382827
22,1.1,22,0.0010547072221053222,0.0009697532114502083,True,0,1.0,0.08784133723223367,0.006098129769940233,0.002018730174371222,636,1084861.700039991
22,1.1,23,0.0009697532114502083,0.0008994973225439074,True,0,1.0,0.0791576302852033,0.005920317684896831,0.0018234562924890542,636,1083226.14726242
22,1.1,24,0.0008994973225439074,0.0008412309752877656,True,0,1.0,0.07132779282240288,0.00575555759477255,0.0016476801084947322,636,1081772.865039488
22,1.1,25,0.0008412309752877656,0.0007927513726119217,True,0,1.0,0.06426889544809417,0.005602442287285326,0.001489485184144352,636,1080486.8314938794
22,1.1,26,0.0007927513726119217,0.0007522667814713335,True,0,1.0,0.05790585191042199,0.005459737973839455,0.0013471425212759334,636,1079354.363928199
22,1.1,27,0.0007522667814713335,0.0007183195246068808,True,0,1.0,0.05217072416200579,0.0053263625030874825,0.0012190927766356017,636,1078363.012965555
22,1.1,28,0.0007183195246068808,0.0006897233911610234,True,0,1.0,0.04700207817694483,0.005201366222470686,0.0011039299770086166,636,1077501.4609641084
22,1.1,29,0.0006897233911610234,0.0006655127776136194,True,0,1.0,0.04234438956097636,0.005083915171128006,0.0010003866513194617,636,1076759.4267430892
22,1.1,30,0.0006655127776136194,0.0006449013674623139,True,0,1.0,0.03814749715533814,0.004973276334031087,0.0009073202861398205,636,1076127.5765426063
22,1.1,31,0.0006449013674623139,0.0006272485642988546,True,0,1.0,0.034366102297061996,0.004868804722005573,0.0008237010069212566,636,1075597.44081776
22,1.1,32,0.0006272485642988546,0.000612032224846959,True,0,1.0,0.030959311082109343,0.004769932069188801,0.0007486003876100015,636,1075161.3379808122
22,1.1,33,0.000612032224846959,0.0005988265103920032,True,0,1.0,0.027890216820228693,0.004676156961459123,0.0006811812946986601,636,1074812.3034419182
22,1.1,34,0.0005988265103920032,0.0005872838951848092,True,0,1.0,0.02512551982375202,0.004587036228502065,0.0006206886771842741,636,1074544.0249729115
22,1.1,35,0.0005872838951848092,0.000577120551473298,True,0,1.0,0.02263518170739563,0.0045021774488166275,0.0005664412209075407,636,1074350.7835094095
22,1.1,36,0.000577120551473298,0.0005681044760997844,True,0,1.0,0.02039211146109683,0.004421232432588211,0.0005178237935261349,636,1074227.3984018154
22,1.1,37,0.0005681044760997844,0.0005600458438791422,True,0,1.0,0.01837188068185657,0.0043438915611936375,0.0004742806148756417,636,1074169.1783011777
22,1.1,38,0.0005600458438791422,0.000552789168944523,True,0,1.0,0.01655246549148152,0.00426987887546081,0.00043530909585815224,636,1074171.8756904446
22,1.1,39,0.000552789168944523,0.0005462069344237541,True,0,1.0,0.014914012823503447,0.004198947816631928,0.00040045429719478735,636,1074231.645746148
22,1.1,40,0.0005462069344237541,0.0005401944143765824,True,0,1.0,0.013438628920710977,0.004130877535174435,0.0003693039665208919,636,1074345.0090696502
23,1.1500000000000001,1,0.03191514089449743,0.026249624539651184,True,0,1.0,0.7765386552928265,0.019462094638083807,0.017106266600782245,636,1074508.8175261933
23,1.1500000000000001,2,0.026249624539651184,0.02158171688851318,True,0,1.0,0.7065486576113688,0.017785795712304178,0.015530860488281506,636,1067029.2053671186
23,1.1500000000000001,3,0.02158171688851318,0.017745528559950707,True,0,1.0,0.6419189356625663,0.016328123834839173,0.014080773749123447,636,1059852.9578323634
23,1.1500000000000001,4,0.017745528559950707,0.014599321325322268,True,0,1.0,0.5824702417403299,0.015055941275386646,0.012751433760424116,636,1053119.394322009
23,1.1500000000000001,5,0.014599321325322268,0.01202319164493415,True,0,1.0,0.5279649460437085,0.0139411117450654,0.011536827232525446,636,1046926.6970717664
23,1.1500000000000001,6,0.01202319164493415,0.009916517884619447,True,0,1.0,0.47812810243831483,0.012960038204170028,0.01043006345551075,636,1041339.4219247297
23,1.1500000000000001,7,0.009916517884619447,0.008195404649505189,True,0,1.0,0.4326638831216545,0.01209306529673616,0.009423802841490537,636,1036395.748068194
23,1.1500000000000001,8,0.008195404649505189,0.00679026695636209,True,0,1.0,0.3912680381373628,0.011323859975306093,0.00851057286561781,636,1032113.775199329
23,1.1500000000000001,9,0.00679026695636209,0.005643631881700806,True,0,1.0,0.3536370669077946,0.010638834966529292,0.007682993232736594,636,1028496.5962592587
23,1.1500000000000001,10,0.005643631881700806,0.0047081910675259575,True,0,1.0,0.3194747488759562,0.010026645402794795,0.0069339299972963515,636,1025536.1353123207
23,1.1500000000000001,11,0.0047081910675259575,0.003945109046343487,True,0,1.0,0.2884966041642069,0.00947776722057914,0.006256595475601673,636,1023215.890443631
23,1.1500000000000001,12,0.003945109046343487,0.0033225753422956306,True,0,1.0,0.2604327660796762,0.00898415367079729,0.0056446077514583975,636,1021512.7982557064
23,1.1500000000000001,13,0.0033225753422956306,0.0028145791594038627,True,0,1.0,0.23502965919959634,0.008538960434074898,0.005092020744254418,636,1020398.4777381036
23,1.1500000000000001,14,0.0028145791594038627,0.002399881488093003,True,0,1.0,0.21205079694074372,0.008136327918346956,0.0045933333473473364,636,1019840.1215243727
23,1.1500000000000001,15,0.002399881488093003,0.002061158712093225,True,0,1.0,0.19127694400087697,0.0077712095803203814,0.004143484103107486,636,1019801.2791734509
23,1.1500000000000001,16,0.002061158712093225,0.0017842929387054118,True,0,1.0,0.172505832375789,0.007439236416122306,0.0037378362426084546,636,1020242.7056167494
23,1.1500000000000001,17,0.0017842929387054118,0.0015577864164578736,True,0,1.0,0.1555515739885583,0.007136609429421405,0.0033721566355906533,636,1021123.3551159218
23,1.1500000000000001,18,0.0015577864164578736,0.0013722799733585367,True,0,1.0,0.14024387690013926,0.006860013538509633,0.0030425912119140808,636,1022401.4853285805
23,1.1500000000000001,19,0.0013722799733585367,0.0012201580603804496,True,0,1.0,0.12642714402652766,0.006606547851457067,0.002745638672089611,636,1024035.7795071234
23,1.1500000000000001,20,0.0012201580603804496,0.0010952255156865265,True,0,1.0,0.1139595117517588,0.006373668459056494,0.0024781237501460694,636,1025986.3540715305
23,1.1500000000000001,21,0.0010952255156865265,0.0009924434749151168,True,0,1.0,0.10271186946736983,0.006159140865532041,0.002237170884065091,636,1028215.5646666713
23,1.1500000000000001,22,0.0009924434749151168,0.0009077138957065412,True,0,1.0,0.09256688875619705,0.00596099992465829,0.002020178851977206,636,1030688.5517483136
23,1.1500000000000001,23,0.0009077138957065412,0.0008377039354472426,True,0,1.0,0.0834180817573586,0.005777515709905854,0.0018247967187730333,636,1033373.5397996382
23,1.1500000000000001,24,0.0008377039354472426,0.0007797029321926496,True,0,1.0,0.07516890146269652,0.005607164160200423,0.0016489012861555191,636,1036241.9229462121
23,1.1500000000000001,25,0.0007797029321926496,0.0007315060130986817,True,0,1.0,0.06773189172861768,0.00544860164179076,0.001490576133182294,636,1039268.1914115482
23,1.1500000000000001,26,0.0007315060130986817,0.0006913194221246366,True,0,1.0,0.061027891194806894,0.005300642779869573,0.0013480922617462713,636,1042429.7531935772
23,1.1500000000000001,27,0.0006913194221246366,0.0006576835444030982,True,0,1.0,0.05498529273552363,0.00516224106539718,0.0012198903128635167,636,1045706.6977945841
23,1.1500000000000001,28,0.0006576835444030982,0.0006294103381182525,True,0,1.0,0.049539358273653286,0.0050324718488132456,0.0011045642885607514,636,1049081.533966922
23,1.1500000000000001,29,0.0006294103381182525,0.0006055324886422575,True,0,1.0,0.04463158755818753,0.004910517408226122,0.0010008466953355228,636,1052538.9256577587
23,1.1500000000000001,30,0.0006055324886422575,0.0005852620948004761,True,0,1.0,0.04020913869491221,0.004795653834021317,0.0009075950151042239,636,1056065.4418578597
23,1.1500000000000001,31,0.0005852620948004761,0.0005679571039155507,True,0,1.0,0.03622429771607105,0.004687239511089877,0.0008237794056876454,636,1059649.3224050612
23,1.1500000000000001,32,0.0005679571039155507,0.0005530940434188558,True,0,1.0,0.03263399418936901,0.00458470501042424,0.0007484715331445891,636,1063280.2717339206
23,1.1500000000000001,33,0.0005530940434188558,0.0005402458683180233,True,0,1.0,0.029399359741831468,0.004487544224773394,0.0006808344415787742,636,1066949.272788918
23,1.1500000000000001,34,0.0005402458683180233,0.000529063964222698,True,0,1.0,0.02648532635838465,0.004395306602653525,0.0006201133712343435,636,1070648.4256422564
23,1.1500000000000001,35,0.000529063964222698,0.0005192635255701905,True,0,1.0,0.02386026137745668,0.004307590350903626,0.0005656274422960066,636,1074370.8043483994
23,1.1500000000000001,36,0.0005192635255701905,0.0005106116752092715,True,0,1.0,0.021495636218971406,0.004224036490149928,0.0005167621292135849,636,1078110.3363338723
23,1.1500000000000001,37,0.0005106116752092715,0.0005029178102020637,True,0,1.0,0.019365726025473495,0.0041443236601976284,0.0004729624582303885,636,1081861.6929842553
23,1.1500000000000001,38,0.0005029178102020637,0.0004960257556922976,True,0,1.0,0.017447337562472198,0.004068163583406256,0.0004337268687927055,636,1085620.1999756736
23,1.1500000000000001,39,0.0004960257556922976,0.0004898073871514308,True,0,1.0,0.01571956289779172,0.003995297104509581,0.0003986016872039446,636,1089381.7544662172
23,1.1500000000000001,40,0.0004898073871514308,0.0004841574452986164,True,0,1.0,0.014163556556673947,0.003925490734465874,0.00036717616791323457,636,1093142.756605688
24,1.2000000000000002,1,0.031877692808957137,0.02620484057382433,True,0,1.0,0.8180727817278436,0.019053244940262715,0.01712504852843807,636,1096900.0503118634
24,1.2000000000000002,2,0.02620484057382433,0.02153149420469158,True,0,1.0,0.7439989199390349,0.017410574915507904,0.01554689221865913,636,1101326.9924961405
24,1.2000000000000002,3,0.02153149420469158,0.017691224928232163,True,0,1.0,0.6756656916751954,0.015981149799485027,0.01409462955261128,636,1105584.519937728
24,1.2000000000000002,4,0.017691224928232163,0.014541933964655529,True,0,1.0,0.6128656650445984,0.01473204095096862,0.012763538869740616,636,1109679.5863776605
24,1.2000000000000002,5,0.014541933964655529,0.011963474058731882,True,0,1.0,0.5553327801246417,0.013635520000569027,0.011547495225651336,636,1113655.1513053372
24,1.2000000000000002,6,0.011963474058731882,0.009855055191944295,True,0,1.0,0.5027642961592168,0.012668511647610353,0.010439525831347862,636,1117561.3762894324
24,1.2000000000000002,7,0.009855055191944295,0.00813266198505369,True,0,1.0,0.45483780627900106,0.011811931646679706,0.009432231547911602,636,1121443.4230098324
24,1.2000000000000002,8,0.00813266198505369,0.006726620795895255,True,0,1.0,0.4112240503016102,0.011050021511615923,0.00851809699760728,636,1125337.2962513682
24,1.2000000000000002,9,0.006726620795895255,0.005579390713221555,True,0,1.0,0.3715962739401106,0.010369741565499038,0.007689711165264536,636,1129269.3662686327
24,1.2000000000000002,10,0.005579390713221555,0.004643609468896304,True,0,1.0,0.335636829861234,0.00976024926403154,0.006939918073547229,636,1133257.3986768394
24,1.2000000000000002,11,0.004643609468896304,0.0038803976782386673,True,0,1.0,0.3030416286140543,0.009212468163175698,0.006261914163388933,636,1137312.0682894369
24,1.2000000000000002,12,0.0038803976782386673,0.003257908379214136,True,0,1.0,0.27352294901156027,0.008718741140436507,0.005649305973772243,636,1141438.4835304972
24,1.2000000000000002,13,0.003257908379214136,0.002750100070351924,True,0,1.0,0.24681102194211874,0.008272556233083834,0.00509613891122421,636,1145637.54266981
24,1.2000000000000002,14,0.002750100070351924,0.002335707709260726,True,0,1.0,0.2226547159216028,0.007868332116045462,0.004596905474133789,636,1149907.056229426
24,1.2000000000000002,15,0.002335707709260726,0.0019973855346711034,True,0,1.0,0.20082157975531104,0.007501250981851766,0.0041465392893031494,636,1154242.6535837448
24,1.2000000000000002,16,0.0019973855346711034,0.0017209968073278459,True,0,1.0,0.1810974377185318,0.007167128247942229,0.0037403997082357953,636,1158638.4855632184
24,1.2000000000000002,17,0.0017209968073278459,0.0014950277604488527,True,0,1.0,0.16328568462211496,0.006862310433933129,0.0033742504505868674,636,1163087.772948056
24,1.2000000000000002,18,0.0014950277604488527,0.0013101056512759834,True,0,1.0,0.147206390374834,0.006583594377301826,0.003044234814583025,636,1167583.2163224367
24,1.2000000000000002,19,0.0013101056512759834,0.001158603474939901,True,0,1.0,0.13269529443677744,0.006328162536810572,0.0027468492428666517,636,1172117.3049682132
24,1.2000000000000002,20,0.001158603474939901,0.0010343164424698736,True,0,1.0,0.11960274822424975,0.00609353042846527,0.00247891648671255,636,1176682.5438634176
24,1.2000000000000002,21,0.0010343164424698736,0.0009321976404240706,True,0,1.0,0.10779264664125658,0.00587750325700938,0.0022375592098155725,636,1181271.619146044
24,1.2000000000000002,22,0.0009321976404240706,0.000848142335132307,True,0,1.0,0.09714137726340023,0.005678139587349356,0.002020174580180335,636,1185877.510100571
24,1.2000000000000002,23,0.000848142335132307,0.0007788121570311279,True,0,1.0,0.08753680631649467,0.005493720483416889,0.001824410188189853,636,1190493.571354693
24,1.2000000000000002,24,0.0007788121570311279,0.0007214919118642138,True,0,1.0,0.07887731369323522,0.005322722971446788,0.0016481414794163754,636,1195113.5767501467
24,1.2000000000000002,25,0.0007214919118642138,0.0006739730412564926,True,0,1.0,0.0710708842346039,0.005163796994208558,0.0014894507862697195,636,1199731.7523030988
24,1.2000000000000002,26,0.0006739730412564926,0.0006344588214425295,True,0,1.0,0.06403425889690395,0.0050157452443538005,0.001346607970905127,636,1204342.7851368005
24,1.2000000000000002,27,0.0006344588214425295,0.0006014872761451739,True,0,1.0,0.05769214687540775,0.0048775054200416714,0.001218052644029466,636,1208941.8225851327
24,1.2000000000000002,28,0.0006014872761451739,0.0005738685122057552,True,0,1.0,0.0519764979858599,0.004748134555654522,0.0011023778934983503,636,1213524.4645518928
24,1.2000000000000002,29,0.0005738685122057552,0.0005506337908287584,True,0,1.0,0.04682583341340326,0.004626795155284159,0.0009983154381153084,636,1218086.7465588
24,1.2000000000000002,30,0.0005506337908287584,0.0005309941430829968,True,0,1.0,0.04218463216736156,0.0045127429099095125,0.000904722112108697,636,1222625.1215927387
24,1.2000000000000002,31,0.0005309941430829968,0.0005143067442937577,True,0,1.0,0.03800277011565499,0.004405315816308306,0.0008205675818421853,636,1227136.4356229645
24,1.2000000000000002,32,0.0005143067442937577,0.0005000475942155136,True,0,1.0,0.03423500822845934,0.00430392454211365,0.0007449231965575839,636,1231617.9039789625
24,1.2000000000000002,33,0.0005000475942155136,0.0004877893208622419,True,0,1.0,0.030840526571380963,0.004208043901677787,0.000676951877971366,636,1236067.0865650403
24,1.2000000000000002,34,0.0004877893208622419,0.000477183146487814,True,0,1.0,0.027782500608433094,0.004117205322825398,0.0006158989584854219,636,1240481.8640593402
24,1.2000000000000002,35,0.000477183146487814,0.0004679442347826912,True,0,1.0,0.025027716469158155,0.0040309901963980835,0.0005610838839847409,636,1244860.4084374665
24,1.2000000000000002,36,0.0004679442347826912,0.0004598397842425772,True,0,1.0,0.02254622197496036,0.00394902401237801,0.0005118927041296399,636,1249201.1632250377
24,1.2000000000000002,37,0.0004598397842425772,0.0004526793520912564,True,0,1.0,0.020311010392329153,0.003870971194667821,0.00046777128054260544,636,1253502.8185900806
24,1.2000000000000002,38,0.0004526793520912564,0.00044630698976622085,True,0,1.0,0.01829773406793282,0.003796530555704601,0.00042821915090080734,636,1257764.2886453858
24,1.2000000000000002,39,0.00044630698976622085,0.0004405948500697532,True,0,1.0,0.01648444529589378,0.003725431299433099,0.00039278399452055603,636,1261984.6915391411
24,1.2000000000000002,40,0.0004405948500697532,0.00043543798932776934,True,0,1.0,0.014851361961834326,0.0036574295091960918,0.00036105665217115075,636,1266163.3273593436
25,1.25,1,0.03185776789054151,0.026176252002847566,True,0,1.0,0.8575663639883714,0.018596649520615138,0.01714775440393213,636,1270299.664487067
25,1.25,2,0.026176252002847566,0.021496370501503104,True,0,1.0,0.7794964700298612,0.016983555006365367,0.015566458922552965,636,1275208.0741925137
25,1.25,3,0.021496370501503104,0.017651164484026594,True,0,1.0,0.7075559594063393,0.015578506766832574,0.014111599172266365,636,1279079.168105215
25,1.25,4,0.017651164484026594,0.01449816163180051,True,0,1.0,0.6415054042334486,0.01434925741737017,0.012778323592007722,636,1282150.063542917
25,1.25,5,0.01449816163180051,0.011916945176560945,True,0,1.0,0.581047486242405,0.013268744183261584,0.011560411373364063,636,1284625.3412091145
25,1.25,6,0.011916945176560945,0.009806525100094055,True,0,1.0,0.5258495933582481,0.012314520941194779,0.01045081967849406,636,1286674.6179358638
25,1.25,7,0.009806525100094055,0.00808273332227638,True,0,1.0,0.47556123485037166,0.011468081142281688,0.009442098330464188,636,1288434.6866698773
25,1.25,8,0.00808273332227638,0.006675776618804363,True,0,1.0,0.4298270698236221,0.010714183063016754,0.008526694626190151,636,1290013.484541983
25,1.25,9,0.006675776618804363,0.005528018524745493,True,0,1.0,0.38829634924144946,0.010040238556220092,0.0076971699798234474,636,1291494.5327993375
25,1.25,10,0.005528018524745493,0.004592019313855666,True,0,1.0,0.35062950762116957,0.009435791299683709,0.006946347726693372,636,1292941.1980645969
25,1.25,11,0.004592019313855666,0.003828836242839917,True,0,1.0,0.3165025435032176,0.008892088766281309,0.006267408464179109,636,1294400.5023163254
25,1.25,12,0.003828836242839917,0.003206570282713983,True,0,1.0,0.2856097213896331,0.008401740419946997,0.005653946304354307,636,1295906.3912871254
25,1.25,13,0.003206570282713983,0.0026991370886506605,True,0,1.0,0.2576650258555772,0.007958449588674565,0.005099996655090734,636,1297482.471599249
25,1.25,14,0.0026991370886506605,0.0022852364054563035,True,0,1.0,0.23240270790309708,0.007556805364208452,0.004600043764119537,636,1299144.2696747833
25,1.25,15,0.0022852364054563035,0.0019474936160184253,True,0,1.0,0.20957718692233424,0.0071921218378273475,0.0041490142886387305,636,1300901.0631080593
25,1.25,16,0.0019474936160184253,0.0016717484365696977,True,0,1.0,0.18896250888709046,0.006860313818127603,0.0037422615708318256,636,1302757.354735568
25,1.25,17,0.0016717484365696977,0.001446467993424072,True,0,1.0,0.17035151136420756,0.006557800218897357,0.0033755440600053296,636,1304714.0555838712
25,1.25,18,0.001446467993424072,0.0012622641381501154,True,0,1.0,0.15355480675185415,0.006281428212768189,0.0030450003691413277,636,1306769.419010225
25,1.25,19,0.0012622641381501154,0.001111497537662487,True,0,1.0,0.13839966497373396,0.0060284128805747645,0.002747122732528314,636,1308919.7769088487
25,1.25,20,0.001111497537662487,0.000987953624300597,True,0,1.0,0.12472885387985673,0.005796288411479113,0.0024787300928296526,636,1311160.1204192631
25,1.25,21,0.000987953624300597,0.0008865778089726106,True,0,1.0,0.1123994783027237,0.0055828679476194595,0.002236941648946148,636,1313484.542495041
25,1.25,22,0.0008865778089726106,0.0008032594092416412,True,0,1.0,0.101281845819956,0.005386209957451981,0.0020191514067463084,636,1315886.5907626913
25,1.25,23,0.0008032594092416412,0.0007346555176803715,True,0,1.0,0.09125837775017943,0.005204589612158134,0.0018230040664339439,636,1318359.525519458
25,1.25,24,0.0007346555176803715,0.0006780475490260063,True,0,1.0,0.08222257694745747,0.005036474071026689,0.0016463724323340068,636,1320896.524039533
25,1.25,25,0.0006780475490260063,0.0006312244806798706,True,0,1.0,0.07407805892744666,0.004880500892976539,0.0014873364273590493,636,1323490.825835
25,1.25,26,0.0006312244806798706,0.0005923878690006212,True,0,1.0,0.06673764927060699,0.004735459011019055,0.00134416372345169,636,1326135.8417656547
25,1.25,27,0.0005923878690006212,0.0005600746114553523,True,0,1.0,0.06012254773201396,0.004600271860244241,0.0012152919518944958,636,1328825.2292524267
25,1.25,28,0.0005600746114553523,0.0005330941583742144,True,0,1.0,0.05416155776347468,0.004473982355999839,0.001099312426930717,636,1331552.9490541632
25,1.25,29,0.0005330941583742144,0.0005104774826127922,True,0,1.0,0.048790379011247074,0.004355739490112279,0.0009949552977923423,636,1334313.2937848596
25,1.25,30,0.0005104774826127922,0.000491435612277491,True,0,1.0,0.04395095963245346,0.004244786361374087,0.0009010760343751795,636,1337100.9092889272
25,1.25,31,0.000491435612277491,0.00047532593792321,True,0,1.0,0.03959090485701246,0.004140449489992443,0.0008166431478483055,636,1339910.8014827995
25,1.25,32,0.00047532593792321,0.00046162483844258695,True,0,1.0,0.03566293802421789,0.004042129286881812,0.0007407270476478928,636,1342738.3375516848
25,1.25,33,0.00046162483844258695,0.0004499054411205572,True,0,1.0,0.0321244102765866,0.003949291564951727,0.0006724899391753031,636,1345579.237472512
25,1.25,34,0.0004499054411205572,0.000439819552800258,True,0,1.0,0.028936855152619234,0.0038614599905724585,0.0006111766712392908,636,1348429.5655878677
25,1.25,35,0.000439819552800258,0.0004310829793613413,True,0,1.0,0.02606558444868929,0.0037782093827477626,0.0005561064481725998,636,1351285.7130501852
25,1.25,36,0.0004310829793613413,0.00042346359720302207,True,0,1.0,0.02347932189370876,0.0036991597751216358,0.0005066653282037054,636,1354144.3855676793
25,1.25,37,0.00042346359720302207,0.00041677166006504063,True,0,1.0,0.02114987138034258,0.0036239711621004374,0.0004622994367723517,636,1357002.5836972764
25,1.25,38,0.00041677166006504063,0.00041085192136081083,True,0,1.0,0.019051816709149724,0.003552338857414865,0.00042250883077858285,636,1359857.5865241794
25,1.25,39,0.00041085192136081083,0.0004055772311865047,True,0,1.0,0.017162250019462883,0.0034839893989631163,0.0003868419571084258,636,1362706.9318500992
25,1.25,40,0.0004055772311865047,0.00040084333097700764,True,0,1.0,0.015460526295432597,0.00341867693987563,0.00035489065593247377,636,1365548.398987086
26,1.3,1,0.03184363783643562,0.02615443800783246,True,0,1.0,0.8925352707996655,0.018151133603169344,0.017169015210683772,636,1368379.9931733562
26,1.3,2,0.02615443800783246,0.021468789314520786,True,0,1.0,0.8108549074536385,0.01656859060056701,0.015584632666749438,636,1368307.4806189435
26,1.3,3,0.021468789314520786,0.01761928013563896,True,0,1.0,0.7356633640788969,0.01518843306944202,0.0141271847472151,636,1367343.5819376314
26,1.3,4,0.01761928013563896,0.014463108988038265,True,0,1.0,0.6666907347848103,0.013979322921543606,0.012791710167937396,636,1365761.070437217
26,1.3,5,0.014463108988038265,0.011879613672168943,True,0,1.0,0.6036100523081226,0.012915005719595314,0.011571906823871663,636,1363782.0693367696
26,1.3,6,0.011879613672168943,0.00976761653246716,True,0,1.0,0.5460604761516967,0.011973750615212267,0.01046067165341795,636,1361583.3468041439
26,1.3,7,0.00976761653246716,0.008042802881030542,True,0,1.0,0.4936650685060854,0.011137677291765622,0.009450509552366222,636,1359302.6522220946
26,1.3,8,0.008042802881030542,0.006635263011444903,True,0,1.0,0.4460440108344086,0.010392084610008012,0.008533833855502736,636,1357045.0327001545
26,1.3,9,0.006635263011444903,0.005487266858319795,True,0,1.0,0.4028241095199707,0.009724843812523205,0.007703179835729908,636,1354888.6518300255
26,1.3,10,0.005487266858319795,0.004551298995082886,True,0,1.0,0.3636453651415021,0.009125882706734076,0.00695135027630299,636,1352889.8992061717
26,1.3,11,0.004551298995082886,0.0037883553015504168,True,0,1.0,0.32816527404353724,0.008586764763677248,0.006271509251015353,636,1351087.7772796194
26,1.3,12,0.0037883553015504168,0.003166487010137553,True,0,1.0,0.29606141691854143,0.008100355095037778,0.005657237294470559,636,1349507.5698269603
26,1.3,13,0.003166487010137553,0.002659569579064436,True,0,1.0,0.2670327809962094,0.007660560230002133,0.0051025584343177485,636,1348163.89098674
26,1.3,14,0.002659569579064436,0.002246270410608764,True,0,1.0,0.24080016700694026,0.007262127637463395,0.004601947215453472,636,1347063.1620032147
26,1.3,15,0.002246270410608764,0.0019091890148911217,True,0,1.0,0.2171059517535205,0.0069004920441930444,0.004150321905521887,636,1346205.6129832338
26,1.3,16,0.0019091890148911217,0.0016341445555143608,True,0,1.0,0.19571341171331907,0.006571657559694703,0.003743028511712975,636,1345586.8914254082
26,1.3,17,0.0016341445555143608,0.0014095879670831257,True,0,1.0,0.1764057611315479,0.006272106746708965,0.0033758190155121133,636,1345199.328495695
26,1.3,18,0.0014095879670831257,0.0012261184695344651,True,0,1.0,0.1589850175632842,0.005998729739130318,0.0030448262903731717,636,1345032.9393536097
26,1.3,19,0.0012261184695344651,0.0010760869906288884,True,0,1.0,0.14327077672537167,0.00574876817390952,0.002746537453791237,636,1345076.201254096
26,1.3,20,0.0010760869906288884,0.0009532715614793963,True,0,1.0,0.12909895494704351,0.005519770042785349,0.0024777668720922783,636,1345316.6540613396
26,1.3,21,0.0009532715614793963,0.0008526120708907126,True,0,1.0,0.11632053983105178,0.005309552614712062,0.0022356296426436096,636,1345741.3608044866
26,1.3,22,0.0008526120708907126,0.0007699938156010555,True,0,1.0,0.10480037661925747,0.005116171370947182,0.002017516091166232,636,1346337.2487995082
26,1.3,23,0.0007699938156010555,0.0007020710589016321,True,0,1.0,0.09441600811686254,0.004937893484183749,0.0018210676149946789,636,1347091.3734239982
26,1.3,24,0.0007020710589016321,0.0006461233249906995,True,0,1.0,0.08505657902292031,0.004773174802494234,0.0016441540561324018,636,1347991.0994808243
26,1.3,25,0.0006461233249906995,0.0005999384342700864,True,0,1.0,0.0766218104819656,0.004620639607635728,0.0014848526850649384,636,1349024.2363965567
26,1.3,26,0.0005999384342700864,0.0005617173537481035,True,0,1.0,0.06902104711071012,0.004479062634513716,0.0013414288057426301,636,1350179.1319397641
26,1.3,27,0.0005617173537481035,0.0005299968257772569,True,0,1.0,0.062172376281285496,0.004347352988594361,0.001212317945030382,636,1351444.7222133866
26,1.3,28,0.0005299968257772569,0.0005035864729332484,True,0,1.0,0.05600181776936767,0.004224539700730733,0.001096109559646151,636,1352810.5720828022
26,1.3,29,0.0005035864729332484,0.0004815176827398515,True,0,1.0,0.050442580787117705,0.004109758725697684,0.0009915321753713386,636,1354266.881466272
26,1.3,30,0.0004815176827398515,0.0004630020730547191,True,0,1.0,0.045434384753315314,0.004002241235570295,0.0008974398634930535,636,1355804.4901795292
26,1.3,31,0.0004630020730547191,0.0004473977462562395,True,0,1.0,0.04092283978859898,0.003901303086945328,0.0008127999555133777,636,1357414.8656981206
26,1.3,32,0.0004473977462562395,0.0004341818738055059,True,0,1.0,0.03685888277295756,0.0038063353586566804,0.0007366818972551665,636,1359090.0838268732
26,1.3,33,0.0004341818738055059,0.0004229284242660558,True,0,1.0,0.03319826479938498,0.003716795868831709,0.0006682471462627723,636,1360822.808271531
26,1.3,34,0.0004229284242660558,0.0004132900698905484,True,0,1.0,0.029901085956497653,0.003632201586824026,0.000606740020981243,636,1362606.256609267
26,1.3,35,0.0004132900698905484,0.000404983487431565,True,0,1.0,0.026931373536567726,0.003552121861782256,0.0005514794158776517,636,1364434.1790085312
26,1.3,36,0.000404983487431565,0.000397777415655054,True,0,1.0,0.024256699970359025,0.0034761723940590506,0.0005018513030703828,636,1366300.8226193152
26,1.3,37,0.000397777415655054,0.0003914829521319829,True,0,1.0,0.02184783701828921,0.0034040098794642227,0.0004573019478559892,636,1368200.906173508
26,1.3,38,0.0003914829521319829,0.0003859456681850615,True,0,1.0,0.019678442984402293,0.003335327261644278,0.00041733177253136115,636,1370129.5832476919
26,1.3,39,0.0003859456681850615,0.00038103920097753985,True,0,1.0,0.017724779960164517,0.003269849530112976,0.00038148981004997235,636,1372082.4160528458
26,1.3,40,0.00038103920097753985,0.0003766600449505164,True,0,1.0,0.015965458337499554,0.0032073300081940236,0.00034936869602714333,636,1374055.3479948593
27,1.35,1,0.031826810963954566,0.0261319745258769,True,0,1.0,0.9220385268005409,0.01774795263666554,0.01718606847086805,636,1376044.6768525615
27,1.35,2,0.0261319745258769,0.02144226359719359,True,0,1.0,0.8373067419790764,0.01619684971844739,0.015598866586434404,636,1374839.9473035745
27,1.35,3,0.02144226359719359,0.017589886385193765,True,0,1.0,0.759363434104052,0.01484193431213992,0.014139061217511672,636,1372787.5613856488
27,1.35,4,0.017589886385193765,0.014431761085187289,True,0,1.0,0.6879151750779248,0.013652931486255057,0.012801595748606499,636,1370150.5396598517
27,1.35,5,0.014431761085187289,0.011847014472678219,True,0,1.0,0.622611382867248,0.01260451865501409,0.011580096397040803,636,1367147.8849343471
27,1.35,6,0.011847014472678219,0.009734307012091103,True,0,1.0,0.5630682396050297,0.011675778172589833,0.010467405875875115,636,1363956.9785748476
27,1.35,7,0.009734307012091103,0.008009197971999282,True,0,1.0,0.5088869467258884,0.010849531691987404,0.0094559875512132,636,1360717.8196030734
27,1.35,8,0.008009197971999282,0.0066016785071632,True,0,1.0,0.45966722880130795,0.010111675232838416,0.008538222420768056,636,1357538.0148492476
27,1.35,9,0.0066016785071632,0.005453940146988856,True,0,1.0,0.41501698502888296,0.009450579803396223,0.007706620101959404,636,1354497.851599521
27,1.35,10,0.005453940146988856,0.00451840536660153,True,0,1.0,0.3745589041406301,0.008856584406382538,0.006953962633498962,636,1351655.0876093723
27,1.35,11,0.00451840536660153,0.0037560209520512977,True,0,1.0,0.33793474358119274,0.008321584970666027,0.006273397016110631,636,1349049.2557789143
27,1.35,12,0.0037560209520512977,0.0031347994954276093,True,0,1.0,0.3048078519296877,0.007838710530108433,0.005658489514322682,636,1346705.3933841716
27,1.35,13,0.0031347994954276093,0.002628586244262543,True,0,1.0,0.27486439887045133,0.007402072984793623,0.005103252074928497,636,1344637.2127395335
27,1.35,14,0.002628586244262543,0.00221602518620434,True,0,1.0,0.2478136764182441,0.007006575973561853,0.004602148910693675,636,1342849.7281214653
27,1.35,15,0.00221602518620434,0.0018796978810120546,True,0,1.0,0.22338775082789747,0.006647769669742605,0.00415008938303884,636,1341341.3920941297
27,1.35,16,0.0018796978810120546,0.0016054099164366509,True,0,1.0,0.20134067629004526,0.0063217404118117,0.003742411776409207,636,1340105.8338096922
27,1.35,17,0.0016054099164366509,0.001381602134186255,True,0,1.0,0.18144742744674727,0.006025026303960065,0.0033748613461823266,636,1339133.2241007672
27,1.35,18,0.001381602134186255,0.0011988664165117902,True,0,1.0,0.16350266577592712,0.0057545519385431175,0.003043565088683471,636,1338411.3627766396
27,1.35,19,0.0011988664165117902,0.0010495485173064312,True,0,1.0,0.1473194227792103,0.005507577082792065,0.002745004973928093,636,1337926.5164790016
27,1.35,20,0.0010495485173064312,0.0009274229793329036,True,0,1.0,0.13272775865399555,0.005281655521201969,0.002475990852138118,636,1337664.0684828344
27,1.35,21,0.0009274229793329036,0.0008274275037327694,True,0,1.0,0.11957343701472732,0.005074601288809471,0.0022336338538333283,636,1337609.00915773
27,1.35,22,0.0008274275037327694,0.0007454461924798483,True,0,1.0,0.10771664283938072,0.004884460317622172,0.0020153208178006806,636,1337746.3023724232
27,1.35,23,0.0007454461924798483,0.0006781328622378346,True,0,1.0,0.09703076102232656,0.004709486102336433,0.001818690075405557,636,1338061.158504275
27,1.35,24,0.0006781328622378346,0.0006227671453427064,True,0,1.0,0.08740122583096067,0.00454811841545922,0.0016416087733758552,636,1338539.2261426845
27,1.35,25,0.0006227671453427064,0.0005771373731767726,True,0,1.0,0.07872444650463466,0.0043989644056786304,0.0014821518147517983,636,1339166.728347327
27,1.35,26,0.0005771373731767726,0.0005394453081906114,True,0,1.0,0.07090681067974558,0.004260781625460302,0.0013385824274578296,636,1339930.5478421706
27,1.35,27,0.0005394453081906114,0.0005082286809530157,True,0,1.0,0.06386376487774222,0.004132462679626547,0.001209334323042527,636,1340818.2861002132
27,1.35,28,0.0005082286809530157,0.0004822982248748886,True,0,1.0,0.057518969656616646,0.004013021283599717,0.001092995378025932,636,1341818.281295149
27,1.35,29,0.0004822982248748886,0.0004606865075321709,True,0,1.0,0.051803525978947475,0.003901579582625788,0.0009882927521430343,636,1342919.6293605329
27,1.35,30,0.0004606865075321709,0.0004426063561384641,True,0,1.0,0.04665526872615385,0.003797356621617633,0.0008940793480530415,636,1344112.158872456
27,1.35,31,0.0004426063561384641,0.00042741708219085073,True,0,1.0,0.04201812296534603,0.0036996578788251193,0.0008093215131678314,636,1345386.4255538634
27,1.35,32,0.00042741708219085073,0.0004145970447428926,True,0,1.0,0.03784151846524319,0.003607865788277711,0.0007330878843815367,636,1346733.6814617729
27,1.35,33,0.0004145970447428926,0.00040372136336175313,True,0,1.0,0.03407985799092897,0.003521431183537852,0.0006645392792097774,636,1348145.8438529144
27,1.35,34,0.00040372136336175313,0.0003944438146261664,True,0,1.0,0.030692035040640584,0.0034398655972908616,0.0006029195413859603,636,1349615.4666840965
27,1.35,35,0.0003944438146261664,0.00038648212644409874,True,0,1.0,0.02764099688129074,0.003362734353859958,0.0005475472545205472,636,1351135.693050812
27,1.35,36,0.00038648212644409874,0.00037960603203290866,True,0,1.0,0.02489334897263931,0.003289650392116283,0.0004978082437128146,636,1352700.2308565015
27,1.35,37,0.00037960603203290866,0.0003736275649793841,True,0,1.0,0.022418997121725966,0.0032202687579851695,0.000453148791623422,636,1354303.3119718109
27,1.35,38,0.0003736275649793841,0.00036839317438153163,True,0,1.0,0.020190823969005456,0.003154281707196631,0.0004130695023572849,636,1355939.6547356541
27,1.35,39,0.00036839317438153163,0.00036377731787551326,True,0,1.0,0.018184396665572315,0.00309141436149674,0.000377119753396326,636,1357604.4331785871
27,1.35,40,0.00036377731787551326,0.00035967725500185566,True,0,1.0,0.016377702852484445,0.0030314208638864406,0.00034489268269596494,636,1359293.240529082
28,1.4000000000000001,1,0.031802867823501724,0.026105253175658927,True,0,1.0,0.9468737739557873,0.017411543354765715,0.0171971068698141,636,1361002.0625473156
28,1.4000000000000001,2,0.026105253175658927,0.021413861228550712,True,0,1.0,0.8596033613038391,0.01589340566873961,0.015607539544977109,636,1360558.5182017994
28,1.4000000000000001,3,0.021413861228550712,0.017560598799543636,True,0,1.0,0.7793602479384449,0.01456482778459512,0.014145789594905669,636,1359124.8314718294
28,1.4000000000000001,4,0.017560598799543636,0.014402165013008172,True,0,1.0,0.7058357318368215,0.01339666364367075,0.012806715893027064,636,1356995.8854799757
28,1.4000000000000001,5,0.014402165013008172,0.011817525030611842,True,0,1.0,0.6386625241277425,0.012364585859359435,0.011583880409850566,636,1354415.1374265736
28,1.4000000000000001,6,0.011817525030611842,0.009705218621402723,True,0,1.0,0.5774396530129667,0.0114485479757551,0.010470076448873947,636,1351578.459152163
28,1.4000000000000001,7,0.009705218621402723,0.007980714202586725,True,0,1.0,0.5217514027723437,0.010632123838701789,0.009457728758114622,636,1348639.67999065
28,1.4000000000000001,8,0.007980714202586725,0.00657393435121878,True,0,1.0,0.471181266710555,0.009901847830037568,0.008539187603552288,636,1345716.682162404
28,1.4000000000000001,9,0.00657393435121878,0.005427018955590168,True,0,1.0,0.4253218719787184,0.009246622809489688,0.007706937716246024,636,1342897.359736338
28,1.4000000000000001,10,0.005427018955590168,0.004492351891363433,True,0,1.0,0.38378174068107507,0.008657222726389779,0.006953740671858325,636,1340245.1059626152
28,1.4000000000000001,11,0.004492351891363433,0.003730851452299344,True,0,1.0,0.3461896264302737,0.008125892693206788,0.006272726436365895,636,1337803.6434130685
28,1.4000000000000001,12,0.003730851452299344,0.003110509579344889,True,0,1.0,0.3121970344169483,0.00764603688511439,0.005657446960819535,636,1335601.1562094423
28,1.4000000000000001,13,0.003110509579344889,0.0026051569322425028,True,0,1.0,0.2814794107198202,0.007211979784560097,0.005101902085009614,636,1333653.750000076
28,1.4000000000000001,14,0.0026051569322425028,0.0021934275680535187,True,0,1.0,0.25373637990397324,0.006818785740755042,0.004600545734981719,636,1331968.2910191268
28,1.4000000000000001,15,0.0021934275680535187,0.001857896658961855,True,0,1.0,0.22869132103613277,0.006462123346109646,0.004148278506836922,636,1330544.7114414442
28,1.4000000000000001,16,0.001857896658961855,0.001584366067473253,True,0,1.0,0.2060905004705363,0.006138163423150972,0.0037404312030416085,636,1329377.844247275
28,1.4000000000000001,17,0.001584366067473253,0.0013612748800336805,True,0,1.0,0.18570192319468587,0.005843501764968195,0.0033727426861327268,636,1328458.8807225837
28,1.4000000000000001,18,0.0013612748800336805,0.0011792146531497405,True,0,1.0,0.16731402076963744,0.005575099861466597,0.003041334487406281,636,1327776.5061568762
28,1.4000000000000001,19,0.0011792146531497405,0.0010305318266810026,True,0,1.0,0.15073426055646494,0.005330238567607149,0.0027426839039294557,636,1327317.7841728784
28,1.4000000000000001,20,0.0010305318266810026,0.0009090023208264686,True,0,1.0,0.13578773583103695,0.005106481029258787,0.002473596789898898,636,1327068.8223707424
28,1.4000000000000001,21,0.0009090023208264686,0.0008095656632957082,True,0,1.0,0.1223157777211974,0.0049016422221687525,0.002231180858583614,636,1327015.2912714467
28,1.4000000000000001,22,0.0008095656632957082,0.0007281080506690296,True,0,1.0,0.11017461615400405,0.004713763238232395,0.002012820026443697,636,1327142.7959030855
28,1.4000000000000001,23,0.0007281080506690296,0.0006612855289070962,True,0,1.0,0.09923410698755304,0.004541089025517481,0.0018161501257910365,636,1327437.157229356
28,1.4000000000000001,24,0.0006612855289070962,0.000606379998116191,True,0,1.0,0.08937653529169398,0.004382048701829513,0.0016390361664333712,636,1327884.6164828686
28,1.4000000000000001,25,0.000606379998116191,0.0005611820281159474,True,0,1.0,0.08049549961837422,0.00423523785504108,0.0014795512245891007,636,1328471.9585860956
28,1.4000000000000001,26,0.0005611820281159474,0.0005238955441954074,True,0,1.0,0.07249487852421933,0.0040994024464923486,0.0013359569673642138,636,1329186.6154224407
28,1.4000000000000001,27,0.0005238955441954074,0.0004930603342405693,True,0,1.0,0.06528787816255367,0.003973424070889312,0.0012066857743615773,636,1330016.7141189536
28,1.4000000000000001,28,0.0004930603342405693,0.00046748906542348756,True,0,1.0,0.05879615814249387,0.003856306415289403,0.0010903243880241089,636,1330951.1058586964
28,1.4000000000000001,29,0.00046748906542348756,0.0004462161063856218,True,0,1.0,0.052949031831966496,0.0037471628146985214,0.0009855990063203683,636,1331979.3718315768
28,1.4000000000000001,30,0.0004462161063856218,0.00042845594980189805,True,0,1.0,0.047682736687225044,0.003645204833643397,0.000891361721740356,636,1333091.816244113
28,1.4000000000000001,31,0.00042845594980189805,0.00041356943874570895,True,0,1.0,0.04293976990023098,0.0035497318194405787,0.0008065782067636697,636,1334279.4498871788
28,1.4000000000000001,32,0.00041356943874570895,0.0004010363343709411,True,0,1.0,0.038668284575546656,0.0034601213794900796,0.0007303165461332239,636,1335533.9575882365
28,1.4000000000000001,33,0.0004010363343709411,0.00039043303545549524,True,0,1.0,0.03482154171253664,0.0033758207360764557,0.0006617371190736057,636,1336847.677844297
28,1.4000000000000001,34,0.00039043303545549524,0.00038141448257156263,True,0,1.0,0.03135741342761523,0.0032963389106986578,0.0006000834390930347,636,1338213.562866692
28,1.4000000000000001,35,0.00038141448257156263,0.0003736994606313715,True,0,1.0,0.028237933071428543,0.0032212396874362645,0.0005446738645921545,636,1339625.1422681923
28,1.4000000000000001,36,0.0003736994606313715,0.0003670586612546378,True,0,1.0,0.025428888151128013,0.0031501353025333114,0.0004948940997180811,636,1341076.4894946292
28,1.4000000000000001,37,0.0003670586612546378,0.0003613049862455364,True,0,1.0,0.02289945224000905,0.0030826808060267314,0.0004501904114333921,636,1342562.1863755567
28,1.4000000000000001,38,0.0003613049862455364,0.00035628567064260874,True,0,1.0,0.020621852334679815,0.0030185690407596366,0.0004100634954844257,636,1344077.2856948688
28,1.4000000000000001,39,0.00035628567064260874,0.0003518758834198943,True,0,1.0,0.018571068394722914,0.0029575261845849006,0.00037406293071989605,636,1345617.282950079
28,1.4000000000000001,40,0.0003518758834198943,0.0003479735279482421,True,0,1.0,0.016724562064734116,0.002899307803242489,0.00034178216789271785,636,1347178.074979575
29,1.4500000000000002,1,0.031768794617653584,0.02607195686091368,True,0,1.0,0.9684666091588221,0.017180297308804358,0.0172006277491752,636,1348755.9350663873
29,1.4500000000000002,2,0.02607195686091368,0.021381802200395206,True,0,1.0,0.8790173268967554,0.015695114661842098,0.015609349929700348,636,1348337.534434125
29,1.4500000000000002,3,0.021381802200395206,0.017530041384758,True,0,1.0,0.7967920540652179,0.01439247044791803,0.014146252944357372,636,1346933.650404282
29,1.4500000000000002,4,0.017530041384758,0.014373240360720074,True,0,1.0,0.7214723218964477,0.013244380046564625,0.012806122166764189,636,1344837.6983774826
29,1.4500000000000002,5,0.014373240360720074,0.011790273846089105,True,0,1.0,0.6526787488523268,0.012227556513447037,0.011582463247941288,636,1342289.228336988
29,1.4500000000000002,6,0.011790273846089105,0.009679620724129201,True,0,1.0,0.5899971224381927,0.011322875214337075,0.010468025518590577,636,1339479.735855343
29,1.4500000000000002,7,0.009679620724129201,0.007956709358552971,True,0,1.0,0.5329981641128467,0.010514712032671736,0.009455198697755412,636,1336559.1088354345
29,1.4500000000000002,8,0.007956709358552971,0.006551437170354113,True,0,1.0,0.48125203656074206,0.009790284704888502,0.008536304642066315,636,1333642.0227213525
29,1.4500000000000002,9,0.006551437170354113,0.0054059296157272785,True,0,1.0,0.4343386205708014,0.009139066136300786,0.007703804720693658,636,1330813.9613814603
29,1.4500000000000002,10,0.0054059296157272785,0.0044725638339571105,True,0,1.0,0.391854482261009,0.008552296306573781,0.006950441119632376,636,1328136.6211385126
29,1.4500000000000002,11,0.0044725638339571105,0.0037122568288450175,True,0,1.0,0.35341731363422907,0.008022594197327019,0.0062693276295009825,636,1325652.6348739562
29,1.4500000000000002,12,0.0037122568288450175,0.0030930030067793934,True,0,1.0,0.3186684874702132,0.007543658618034675,0.005654002682268174,636,1323389.5982290127
29,1.4500000000000002,13,0.0030930030067793934,0.0025886379743323973,True,0,1.0,0.28727423633480714,0.007110042251774181,0.005098454823939419,636,1321363.4321909768
29,1.4500000000000002,14,0.0025886379743323973,0.00217780226409503,True,0,1.0,0.25892585188229433,0.006716983099484698,0.00459712856487433,636,1319581.138611191
29,1.4500000000000002,15,0.00217780226409503,0.0018430783501541814,True,0,1.0,0.2333392064840672,0.006360279400392843,0.004144916674970847,636,1318043.0367479043
29,1.4500000000000002,16,0.0018430783501541814,0.001570275716252456,True,0,1.0,0.21025382361134945,0.00603619667031269,0.0037371434753420583,636,1316744.546619662
29,1.4500000000000002,17,0.001570275716252456,0.001347841033941588,True,0,1.0,0.18943166408781947,0.005741398024747281,0.0033695424826320998,636,1315677.5975506909
29,1.4500000000000002,18,0.001347841033941588,0.0011663731693266621,True,0,1.0,0.1706557496403942,0.005472891140665735,0.0030382308378822205,636,1314831.7244389954
29,1.4500000000000002,19,0.0011663731693266621,0.001018225444019083,True,0,1.0,0.15372871050059528,0.005227986978316961,0.002739682249242125,636,1314194.917079731
29,1.4500000000000002,20,0.001018225444019083,0.0008971801446243655,True,0,1.0,0.13847131781686828,0.005004266753450617,0.002470699651342824,636,1313754.2697863006
29,1.4500000000000002,21,0.0008971801446243655,0.0007981826089902277,True,0,1.0,0.12472104236967281,0.004799554681127689,0.002228388394779354,636,1313496.4663396578
29,1.4500000000000002,22,0.0007981826089902277,0.0007171242793082566,True,0,1.0,0.11233066694888974,0.004611894773182597,0.002010130494849567,636,1313408.1410061477
29,1.4500000000000002,23,0.0007171242793082566,0.0006506658967588841,True,0,1.0,0.10116696949711823,0.0044395305232620315,0.0018135602637028869,636,1313476.1425052735
29,1.4500000000000002,24,0.0006506658967588841,0.0005960935345467044,True,0,1.0,0.09110948676804707,0.004280886707069708,0.001636541504338918,636,1313687.7245863944
29,1.4500000000000002,25,0.0005960935345467044,0.0005512014502658813,True,0,1.0,0.08204936304751581,0.004134552800966499,0.0014771463429918243,636,1314030.666531684
29,1.4500000000000002,26,0.0005512014502658813,0.0005141968129644958,True,0,1.0,0.07388828487012726,0.003999267710050624,0.0013336357066330014,636,1314493.3599175978
29,1.4500000000000002,27,0.0005141968129644958,0.00048362225275278004,True,0,1.0,0.06653750020981927,0.003873905620905995,0.001204441405808764,636,1315064.8622761816
29,1.4500000000000002,28,0.00048362225275278004,0.00045829291944865513,True,0,1.0,0.05991691901211596,0.003757462872525709,0.001088149753289905,636,1315734.9109535525
29,1.4500000000000002,29,0.00045829291944865513,0.0004372453450266489,True,0,1.0,0.05395429093118388,0.003649045784715023,0.000983486631152477,636,1316493.9359955161
29,1.4500000000000002,30,0.0004372453450266489,0.00041969590355583897,True,0,1.0,0.04858445556345067,0.0035478594071847707,0.0008893039094410014,636,1317333.0451860377
29,1.4500000000000002,31,0.00041969590355583897,0.0004050070719769927,True,0,1.0,0.04374866020394006,0.0034531971625323494,0.0008045671159253061,636,1318244.0084515477
29,1.4500000000000002,32,0.0004050070719769927,0.0003926600290342641,True,0,1.0,0.03939394009552345,0.003364431357115474,0.0007283442567078994,636,1319219.2310117986
29,1.4500000000000002,33,0.0003926600290342641,0.0003822324026934165,True,0,1.0,0.03547255623022715,0.0032810045305125004,0.0006597956903590979,636,1320251.722654503
29,1.4500000000000002,34,0.0003822324026934165,0.00037338019923116583,True,0,1.0,0.0319414859438091,0.0032024216087938704,0.0005981649628354406,636,1321335.0655434655
29,1.4500000000000002,35,0.00037338019923116583,0.0003658231276577606,True,0,1.0,0.02876196178495404,0.003128242820930396,0.0005427705160268629,636,1322463.378264521
29,1.4500000000000002,36,0.0003658231276577606,0.0003593326814559372,True,0,1.0,0.0258990544158727,0.0030580773332395668,0.0004929981890393398,636,1323631.2863397687
29,1.4500000000000002,37,0.0003593326814559372,0.00035372245882181463,True,0,1.0,0.023321295589382653,0.0029915775526898696,0.00044829443778288114,636,1324833.8804875833
29,1.4500000000000002,38,0.00035372245882181463,0.00034884030039383784,True,0,1.0,0.02100033754188985,0.0029284340482203983,0.0004081602051298734,636,1326066.6891047193
29,1.4500000000000002,39,0.00034884030039383784,0.00034456190265030884,True,0,1.0,0.018910645429366837,0.0028683710383429644,0.0003721453805368953,636,1327325.6438985977
29,1.4500000000000002,40,0.00034456190265030884,0.00034078562936290524,True,0,1.0,0.017029219711012497,0.00281114239387005,0.00033984379460377925,636,1328607.0498190906
30,1.5,1,0.03172245712289512,0.026030691299258946,True,0,1.0,0.9880864408319937,0.017084909420709223,0.017195282183641924,636,1329907.5542346842
30,1.5,2,0.026030691299258946,0.02134527525344898,True,0,1.0,0.8966771736701008,0.015629623292095034,0.015603119912483948,636,1328636.38274715
30,1.5,3,0.02134527525344898,0.017497855988399036,True,0,1.0,0.8126657095481021,0.014349585187649791,0.014139434023823843,636,1326473.1045957757
30,1.5,4,0.017497855988399036,0.014344976138744747,True,0,1.0,0.7357258313972378,0.01321805041023512,0.0127989460910019,636,1323698.1006474392
30,1.5,5,0.014344976138744747,0.011765511978711674,True,0,1.0,0.665467959583524,0.01221285691080456,0.011575112241475718,636,1320536.048237863
30,1.5,6,0.011765511978711674,0.009657959089327317,True,0,1.0,0.6014664317935936,0.011315878320701363,0.010460642504418883,636,1317164.053792138
30,1.5,7,0.009657959089327317,0.007937771485781009,True,0,1.0,0.5432800960335348,0.010512353398709814,0.009447894838884507,636,1313719.1867300128
30,1.5,8,0.007937771485781009,0.0065348771451542165,True,0,1.0,0.4904673671670181,0.009790226282771914,0.00852916513267848,636,1310305.300019037
30,1.5,9,0.0065348771451542165,0.00539143426141353,True,0,1.0,0.4425968496746899,0.009139566569394644,0.007696893411561585,636,1306999.0773034764
30,1.5,10,0.00539143426141353,0.004459853034516015,True,0,1.0,0.3992545067224596,0.008552093711146493,0.006943804326590455,636,1303855.298819197
30,1.5,11,0.004459853034516015,0.003701082590794602,True,0,1.0,0.3600482034555472,0.008020804509034645,0.006262997328113871,636,1300911.3349958186
30,1.5,12,0.003701082590794602,0.003083147692806376,True,0,1.0,0.32461029849962125,0.0075396903080150405,0.005647999209123261,636,1298190.9132939086
30,1.5,13,0.003083147692806376,0.0025799120311661428,True,0,1.0,0.2925988170259223,0.007103526649434824,0.005092789161626991,636,1295707.240980511
30,1.5,14,0.0025799120311661428,0.0021700416842187487,True,0,1.0,0.2636976180158158,0.006707718665558989,0.004591804266351225,636,1293465.5337036317
30,1.5,15,0.0021700416842187487,0.00183614204339555,True,0,1.0,0.23761586899656773,0.006348187918314393,0.004139931472951303,636,1291465.0555737019
30,1.5,16,0.00183614204339555,0.0015640429160684866,True,0,1.0,0.2140870621696727,0.0060212892887018706,0.0037324906171722298,636,1289700.7354939023
30,1.5,17,0.0015640429160684866,0.0013422088224761541,True,0,1.0,0.19286774391488115,0.00572374924370376,0.0033652118277379506,636,1288164.4356265925
30,1.5,18,0.0013422088224761541,0.0011612541741418125,True,0,1.0,0.17373608215491995,0.005452619085184385,0.0030342097518679372,636,1286845.9416486663
30,1.5,19,0.0011612541741418125,0.001013545735658039,True,0,1.0,0.15649036016273501,0.005205238577044919,0.0027359563255603203,636,1285733.7157976786
30,1.5,20,0.001013545735658039,0.0008928773465999296,True,0,1.0,0.14094745858500135,0.004979206703372184,0.002467253288148983,636,1284815.4767527091
30,1.5,21,0.0008928773465999296,0.0007942042198615384,True,0,1.0,0.12694136765502548,0.004772357310170531,0.0022252052512411885,636,1284078.6307403143
30,1.5,22,0.0007942042198615384,0.0007134261982841839,True,0,1.0,0.11432175709604368,0.004582738106755057,0.0020071938479107503,636,1283510.5910736313
30,1.5,23,0.0007134261982841839,0.000647211139230941,True,0,1.0,0.1029526207519483,0.004408592018380715,0.0018108532832644797,636,1283099.009016317
30,1.5,24,0.000647211139230941,0.0005928511213262322,True,0,1.0,0.09271100550554179,0.004248340242634544,0.0016340474620599467,636,1282831.9354470735
30,1.5,25,0.0005928511213262322,0.0005481454529446816,True,0,1.0,0.08348582877735065,0.004100566609883807,0.0014748487674711276,636,1282697.9356177954
30,1.5,26,0.0005481454529446816,0.0005113055379344367,True,0,1.0,0.07517678525446911,0.003964003014182238,0.0013315184956392066,636,1282686.155512429
30,1.5,27,0.0005113055379344367,0.00048087754706194197,True,0,1.0,0.06769334103769363,0.003837515786932768,0.0012024889044223606,636,1282786.3630091788
30,1.5,28,0.00048087754706194197,0.0004556795828219995,True,0,1.0,0.06095381179218678,0.0037200929507779086,0.001086346805326626,636,1282988.9706789828
30,1.5,29,0.0004556795828219995,0.0004347506335702356,True,0,1.0,0.05488452049761423,0.003610832326305873,0.0009818186099926516,636,1283285.0289362723
30,1.5,30,0.0004347506335702356,0.00041730911236848023,True,0,1.0,0.049419029841985894,0.0035089304803474623,0.0008877567333841259,636,1283666.2240773188
30,1.5,31,0.00041730911236848023,0.0004027191852153944,True,0,1.0,0.0444974440582033,0.0034136725084271294,0.0008031272523570857,636,1284124.8526008604
30,1.5,32,0.0004027191852153944,0.00039046342728854544,True,0,1.0,0.040065774968050326,0.0033244226402547473,0.0007269987187144191,636,1284653.7988718671
30,1.5,33,0.00039046342728854544,0.0003801206191164086,True,0,1.0,0.03607536710771228,0.0032406156505658946,0.0006585320289090592,636,1285246.5065688957
30,1.5,34,0.0003801206191164086,0.00037134771655045196,True,0,1.0,0.032482377009366584,0.0031617490490098515,0.000596971257213548,636,1285896.9436532338
30,1.5,35,0.00037134771655045196,0.0003638652099803297,True,0,1.0,0.029247301972507637,0.0030873760155159563,0.0005416353648938167,636,1286599.5783258157
30,1.5,36,0.0003638652099803297,0.0003574452349277557,True,0,1.0,0.026334553948128416,0.003017099040570552,0.000491910704150979,636,1287349.3372703053
30,1.5,37,0.0003574452349277557,0.00035190191661915726,True,0,1.0,0.023712074464115905,0.0029505642257582243,0.00044724424218011056,636,1288141.580607881
30,1.5,38,0.00035190191661915726,0.00034708352804135867,True,0,1.0,0.021350986825270972,0.0028874561960951692,0.0004071374372723406,636,1288972.0680387001
30,1.5,39,0.00034708352804135867,0.00034286612014478024,True,0,1.0,0.019225282122004212,0.002827493574768907,0.00037114070552791354,636,1289836.9278733064
30,1.5,40,0.00034286612014478024,0.0003391483474503021,True,0,1.0,0.017311535869585552,0.0027704249708544577,0.0003388484232402596,636,1290732.6314548627
31,1.55,1,0.031664085833120525,0.02598241649207378,True,0,1.0,1.006763310055304,0.017132194905347044,0.017180069228547083,636,1291655.9654852075
31,1.55,2,0.02598241649207378,0.021305823745290553,True,0,1.0,0.9135142762854996,0.015701395539932172,0.015587983152695804,636,1290701.78740472
31,1.55,3,0.021305823745290553,0.017466043159535816,True,0,1.0,0.8278255522806061,0.014438480949495718,0.014124601249906287,636,1288931.394567292
31,1.55,4,0.017466043159535816,0.014319724272148338,True,0,1.0,0.7493630329328346,0.013318149947121976,0.012784584830590865,636,1286590.2257381266
31,1.55,5,0.014319724272148338,0.011745856240931052,True,0,1.0,0.6777272493116527,0.012319521547101291,0.011561342920622284,636,1283875.1039732809
31,1.55,6,0.011745856240931052,0.009643046345773398,True,0,1.0,0.6124817067589045,0.011425567377868031,0.010447548257372784,636,1280942.3986120832
31,1.55,7,0.009643046345773398,0.007926855012387213,True,0,1.0,0.5531741868845915,0.010622436696547407,0.009435529090362058,636,1277914.6340217695
31,1.55,8,0.007926855012387213,0.006527309056084563,True,0,1.0,0.49935225968732005,0.009898806472628523,0.008517557663700643,636,1274886.0907903076
31,1.55,9,0.006527309056084563,0.005386656771391163,True,0,1.0,0.45057418324775955,0.009245320791235427,0.007686055333091506,636,1271927.6752661054
31,1.55,10,0.005386656771391163,0.00445738927488637,True,0,1.0,0.406416227103617,0.008654139110878608,0.006933732208873993,636,1269091.1547809471
31,1.55,11,0.00445738927488637,0.0037005274580701464,True,0,1.0,0.36647728790194456,0.00811858830084679,0.0062536766361766865,636,1266412.854690797
31,1.55,12,0.0037005274580701464,0.0030841590505813476,True,0,1.0,0.33038150009934797,0.007632902617002958,0.005639407146149365,636,1263916.809124929
31,1.55,13,0.0030841590505813476,0.0025822024735666638,True,0,1.0,0.2977793949933292,0.007192033122918725,0.005084896999493924,636,1261617.4228899085
31,1.55,14,0.0025822024735666638,0.0021733709845355165,True,0,1.0,0.26834803423355325,0.006791509442346509,0.004584579232385477,636,1259521.6820201206
31,1.55,15,0.0021733709845355165,0.0018403103477022675,True,0,1.0,0.24179044006630035,0.006427339660073641,0.004133338256235412,636,1257630.959682291
31,1.55,16,0.0018403103477022675,0.0015688846943487933,True,0,1.0,0.21783456207529023,0.006095937354853816,0.003726492552901831,636,1255942.4743452494
31,1.55,17,0.0015688846943487933,0.0013475875566775208,True,0,1.0,0.196231956104713,0.005794067566953327,0.0033597718129051014,636,1254450.4523579413
31,1.55,18,0.0013475875566775208,0.0011670577400596516,True,0,1.0,0.17675630211672186,0.005518805782397707,0.0030292909397446354,636,1253147.0365013336
31,1.55,19,0.0011670577400596516,0.0010196824225801038,True,0,1.0,0.15920185088455033,0.005267505762194127,0.002731522640400806,636,1252023.0034290948
31,1.55,20,0.0010196824225801038,0.0008992724520578976,True,0,1.0,0.143381861996095,0.005037773334878606,0.002463269795508741,636,1251068.3061539247
31,1.55,21,0.0008992724520578976,0.000800797155101951,True,0,1.0,0.1291270754478599,0.004827444202090223,0.002221638413656386,636,1250272.4873805176
31,1.55,22,0.000800797155101951,0.0007201680415717115,True,0,1.0,0.11628424439081712,0.004634564466824522,0.0020040116905705447,636,1249624.9928302635
31,1.55,23,0.0007201680415717115,0.0006540625781479292,True,0,1.0,0.1047147459769881,0.00445737305502542,0.0018080254898316438,636,1249115.3896914774
31,1.55,24,0.0006540625781479292,0.0005997807296552748,True,0,1.0,0.09429327969303376,0.004294285516548037,0.0016315454169325398,636,1248733.5398727204
31,1.55,25,0.0005997807296552748,0.000555128253675985,True,0,1.0,0.0849066572569258,0.0041438789045852645,0.001472645557588114,636,1248469.7011711942
31,1.55,26,0.000555128253675985,0.0005183218091456832,True,0,1.0,0.07645268449066886,0.004004877569933903,0.0013295888822382697,636,1248314.6056565994
31,1.55,27,0.0005183218091456832,0.0004879118330973764,True,0,1.0,0.06883913311962707,0.0038761397924390144,0.001200809273004682,636,1248259.5055352058
31,1.55,28,0.0004879118330973764,0.0004627198779418862,True,0,1.0,0.061982798852459525,0.0037566452210847927,0.0010848951003096371,636,1248296.1909907577
31,1.55,29,0.0004627198779418862,0.00044178771028735575,True,0,1.0,0.05580864111985169,0.003645483118848957,0.0009805742591522321,636,1248416.9994305368
31,1.55,30,0.00044178771028735575,0.00042433597036439785,True,0,1.0,0.05024899931272743,0.003541841415903158,0.0008867005660357744,636,1248614.808109966
31,1.55,31,0.00042433597036439785,0.0004097306005117485,True,0,1.0,0.045242880133325614,0.0034449965743445776,0.0008022414143931723,636,1248883.0174147128
31,1.55,32,0.0004097306005117485,0.00039745558474835185,True,0,1.0,0.04073531065378324,0.0033543042595698147,0.0007262665869235959,636,1249215.5347658705
31,1.55,33,0.00039745558474835185,0.0003870908136341944,True,0,1.0,0.036676751801880715,0.0032691908044532167,0.0006579381264697098,636,1249606.7455606777
31,1.55,34,0.0003870908136341944,0.0003782941110640481,True,0,1.0,0.03302256721021303,0.003189145443198576,0.0005965011719007108,636,1250051.490802501
31,1.55,35,0.0003782941110640481,0.0003707866400707305,True,0,1.0,0.02973254263657246,0.003113713282533563,0.0005412756712195958,636,1250545.0329249133
31,1.55,36,0.0003707866400707305,0.0003643410518200385,True,0,1.0,0.02677045146676022,0.0030424889712794274,0.0004916488904784569,636,1251083.0352691642
31,1.55,37,0.0003643410518200385,0.0003587718614559421,True,0,1.0,0.02410366212666134,0.002975111024122763,0.00044706864367342696,636,1251661.52817165
31,1.55,38,0.0003587718614559421,0.00035392763170261077,True,0,1.0,0.02170278354716731,0.0029112567522464436,0.00040703717546169656,636,1252276.8837721257
31,1.55,39,0.00035392763170261077,0.00034968462400586375,True,0,1.0,0.01954134513457029,0.0028506377518094793,0.00037110563515118554,636,1252925.7906759328
31,1.55,40,0.00034968462400586375,0.0003459416409563598,True,0,1.0,0.017595507995531678,0.0027929959011860923,0.0003388690869005033,636,1253605.226332582
32,1.6,1,0.031596921183877025,0.02593084551835867,True,0,1.0,1.0255192014732988,0.017312577864288428,0.0171546069791308,636,1254312.437379679
32,1.6,2,0.02593084551835867,0.021267514162358947,True,0,1.0,0.930459379226869,0.015899884669201846,0.015563662559572634,636,1256631.593200603
32,1.6,3,0.021267514162358947,0.01743891965394828,True,0,1.0,0.8431192950835507,0.014648079986621732,0.014101583082131781,636,1257912.9186927043
32,1.6,4,0.01743891965394828,0.014301966398829524,True,0,1.0,0.7631558657143616,0.013533610627692906,0.01276296563968235,636,1258386.5014747228
32,1.6,5,0.014301966398829524,0.011735885054854012,True,0,1.0,0.6901593180543096,0.012537044665380874,0.011541170092380608,636,1258247.9023476166
32,1.6,6,0.011735885054854012,0.009639505153995809,True,0,1.0,0.6236823619339028,0.011642504042640429,0.010428831790769108,636,1257661.6381198026
32,1.6,7,0.009639505153995809,0.007928587502190165,True,0,1.0,0.5632620280775159,0.01083701638276725,0.00941825093922401,636,1256764.0295646037
32,1.6,8,0.007928587502190165,0.006533336772320153,True,0,1.0,0.5084355094718465,0.01010990589479297,0.008501679205842194,636,1255666.0177575655
32,1.6,9,0.006533336772320153,0.005396157143316538,True,0,1.0,0.458751250512332,0.009452277639118713,0.0076715233496700815,636,1254456.138275522
32,1.6,10,0.005396157143316538,0.004469674914101884,True,0,1.0,0.41377636739822043,0.008856608264339618,0.006920483646117319,636,1253203.559982989
32,1.6,11,0.004469674914101884,0.003715027137838778,True,0,1.0,0.37310130110572376,0.008316434835473056,0.006241642357741973,636,1251961.0491095437
32,1.6,12,0.003715027137838778,0.0031004005667193413,True,0,1.0,0.33634242791732044,0.007826124799049785,0.005628514846892096,636,1250767.764399464
32,1.6,13,0.0031004005667193413,0.0025997974411124947,True,0,1.0,0.30314319561445613,0.007380708776126625,0.005075073426835011,636,1249651.761615261
32,1.6,14,0.0025997974411124947,0.002192001526547749,True,0,1.0,0.2731742212308771,0.006975759888976227,0.004575751842388253,636,1248632.1971138844
32,1.6,15,0.002192001526547749,0.0018597175674364141,True,0,1.0,0.24613267892825522,0.006607306471067334,0.004125436414410801,636,1247721.2040988044
32,1.6,16,0.0018597175674364141,0.0015888587846983881,True,0,1.0,0.2217412217702576,0.006271768162406373,0.0037194483737851636,636,1246925.4654077191
32,1.6,17,0.0015888587846983881,0.0013679593812554458,True,0,1.0,0.1997466155731199,0.005965908087251653,0.0033535207173138477,636,1246247.5100538041
32,1.6,18,0.0013679593812554458,0.0011876917160749123,True,0,1.0,0.17991821308511657,0.005686795936386968,0.0030237719948547335,636,1245686.7651389565
32,1.6,19,0.0011876917160749123,0.001040470539418914,True,0,1.0,0.16204635925028588,0.005431778367712291,0.002726678735422185,636,1245240.3979251185
32,1.6,20,0.001040470539418914,0.000920129270385428,True,0,1.0,0.14594079047401434,0.005198454296554504,0.0024590476951433264,636,1244903.985346263
32,1.6,21,0.000920129270385428,0.0008216556444455847,True,0,1.0,0.13142907035016463,0.004984653466105743,0.002217988722501319,636,1244672.0381748863
32,1.6,22,0.0008216556444455847,0.0007409761300205542,True,0,1.0,0.11835508942970252,0.004788417261143232,0.0020008887542547703,636,1244538.4028132386
32,1.6,23,0.0007409761300205542,0.0006747803024090837,True,0,1.0,0.10657764589848326,0.004607981118459293,0.001805387252608438,636,1244496.5739628896
32,1.6,24,0.0006747803024090837,0.0006203778891452627,True,0,1.0,0.09596911641401586,0.004441758150933787,0.0016293532506916992,636,1244539.9249969579
32,1.6,25,0.0006203778891452627,0.0005755824853681535,True,0,1.0,0.0864142210088782,0.004288323772632366,0.0014708640733827128,636,1244661.8782216995
32,1.6,26,0.0005755824853681535,0.0005386170124273004,True,0,1.0,0.0778088822938414,0.00414640122059142,0.001328185732483835,636,1244856.0290585468
32,1.6,27,0.0005386170124273004,0.0005080368847726335,True,0,1.0,0.07005917672789239,0.0040148479313952485,0.0011997549501731367,636,1245116.230184766
32,1.6,28,0.0005080368847726335,0.00048266758702786294,True,0,1.0,0.06308037413013882,0.003892642763802865,0.0010841627361501973,636,1245436.646339634
32,1.6,29,0.00048266758702786294,0.00046155397015168464,True,0,1.0,0.05679606064066568,0.00377887407210099,0.0009801394271038019,636,1245811.7921732364
32,1.6,30,0.00046155397015168464,0.0004439190733724896,True,0,1.0,0.051137339810615204,0.003672728635315106,0.0008865410884798639,636,1246236.5435697336
32,1.6,31,0.0004439190733724896,0.00042913068561467593,True,0,1.0,0.04604210628411378,0.0035734814412359756,0.0008023371755614329,636,1246706.1454128276
32,1.6,32,0.00042913068561467593,0.00041667419389757043,True,0,1.0,0.041454386529370564,0.0034804863153391524,0.0007265993517697291,636,1247216.206866657
32,1.6,33,0.00041667419389757043,0.00040613053701388235,True,0,1.0,0.03732374121084563,0.0033931673732567774,0.0006584913653717819,636,1247762.6877709003
32,1.6,34,0.00040613053701388235,0.00039715830458419976,True,0,1.0,0.033604724022689325,0.00331101126677856,0.0005972598908270028,636,1248341.8853164734
32,1.6,35,0.00039715830458419976,0.0003894792015710635,True,0,1.0,0.030256392085396527,0.0032335601846026287,0.0005422262468785121,636,1248950.4164634508
32,1.6,36,0.0003894792015710635,0.0003828662447415976,True,0,1.0,0.027241863320447687,0.0031604055631106152,0.0004927789099861199,636,1249585.193853021
32,1.6,37,0.0003828662447415976,0.0003771341770227865,True,0,1.0,0.024527916542468713,0.003091182458371728,0.00044836674842740264,636,1250243.4113995905
32,1.6,38,0.0003771341770227865,0.0003721316820601839,True,0,1.0,0.022084630332913427,0.003025564527953717,0.0004084929091590081,636,1250922.5178127375
32,1.6,39,0.0003721316820601839,0.00036773506013798585,True,0,1.0,0.019885057076503426,0.002963259570927312,0.00037270929631783646,636,1251620.1992601561
32,1.6,40,0.00036773506013798585,0.0003638430905162915,True,0,1.0,0.017904928844751578,0.0029040055748721007,0.00034061158682014754,636,1252334.3591804674
33,1.6500000000000001,1,0.031526285261019193,0.025881238961349418,True,0,1.0,1.0452620644457042,0.01761981596704218,0.017119200909589228,636,1253063.1008798936
33,1.6500000000000001,2,0.025881238961349418,0.02123545993829057,True,0,1.0,0.9483168473789079,0.016217978020682033,0.015530580496935549,636,1261439.3942122594
33,1.6500000000000001,3,0.02123545993829057,0.017421389397411335,True,0,1.0,0.8592590828052277,0.014970820782180698,0.0140709085233575,636,1268621.1988293326
33,1.6500000000000001,4,0.017421389397411335,0.014296356407847877,True,0,1.0,0.7777344561735714,0.01385679799440067,0.012734708610441759,636,1274856.9449956403
33,1.6500000000000001,5,0.014296356407847877,0.01173998049298064,True,0,1.0,0.7033214217557769,0.012857998211115256,0.011515287113264156,636,1280338.7625194665
33,1.6500000000000001,6,0.01173998049298064,0.00965143899872789,True,0,1.0,0.6355609715845658,0.0119596348078995,0.010405241726659633,636,1285209.7301339207
33,1.6500000000000001,7,0.00965143899872789,0.007946798349715123,True,0,1.0,0.5739788280732326,0.011149478267248575,0.009396847422968084,636,1289575.6344485995
33,1.6500000000000001,8,0.007946798349715123,0.006556528009159068,True,0,1.0,0.5181014826896811,0.010417330018865655,0.008482340235748639,636,1293516.5863494934
33,1.6500000000000001,9,0.006556528009159068,0.005423258943108467,True,0,1.0,0.4674673823797164,0.009754580575789446,0.007654118577059881,636,1297095.8389049612
33,1.6500000000000001,10,0.005423258943108467,0.0044998098194244385,True,0,1.0,0.42163438504781564,0.009153860403037856,0.006904879795875825,636,1300365.406128251
33,1.6500000000000001,11,0.0044998098194244385,0.003747479525478381,True,0,1.0,0.38018440993060315,0.008608774679529415,0.00622770715983381,636,1303369.2693719943
33,1.6500000000000001,12,0.003747479525478381,0.0031345899930410592,True,0,1.0,0.34272602347344483,0.008113706648617032,0.005616119797892127,636,1306145.1299900918
33,1.6500000000000001,13,0.0031345899930410592,0.002635255677107873,True,0,1.0,0.3088955386664473,0.007663673648477556,0.005064095647054099,636,1308725.4170447208
33,1.6500000000000001,14,0.002635255677107873,0.0022283529827932247,True,0,1.0,0.27835706986635583,0.007254221932096524,0.004566075245883591,636,1311137.958346779
33,1.6500000000000001,15,0.0022283529827932247,0.001896662757227996,True,0,1.0,0.2508018754346214,0.006881349207298492,0.004116952366691909,636,1313406.5165340798
33,1.6500000000000001,16,0.001896662757227996,0.0016261604580553035,True,0,1.0,0.2259472342447161,0.006541446557910524,0.0037120559753159818,636,1315551.2699296714
33,1.6500000000000001,17,0.0016261604580553035,0.0014054309722978386,True,0,1.0,0.20353503558178784,0.006231253704148015,0.003347126820159201,636,1317589.2616254
33,1.6500000000000001,18,0.0014054309722978386,0.0012251877698412628,True,0,1.0,0.18333021144827083,0.005947823349860088,0.003018291034509165,636,1319534.820381515
33,1.6500000000000001,19,0.0012251877698412628,0.0010778788163637865,True,0,1.0,0.16511910243084238,0.005688491695285744,0.0027220324395615058,636,1321399.9470487323
33,1.6500000000000001,20,0.0010778788163637865,0.0009573642612770161,True,0,1.0,0.148707820220455,0.005450853153862767,0.0024551647149658857,636,1323194.6644955424
33,1.6500000000000001,21,0.0009573642612770161,0.000858653263442033,True,0,1.0,0.13392064928118597,0.005232737986835521,0.0022148042198840137,636,1324927.3266728092
33,1.6500000000000001,22,0.000858653263442033,0.0007776893862019296,True,0,1.0,0.1205985151984862,0.005032192036203243,0.0019983439683749393,636,1326604.8896349892
33,1.6500000000000001,23,0.0007776893862019296,0.0007111757806236296,True,0,1.0,0.10859753647488293,0.004847458051711452,0.0018034290624977646,636,1328233.1437506822
33,1.6500000000000001,24,0.0007111757806236296,0.0006564328971367939,True,0,1.0,0.09778766889291261,0.004676958315229586,0.0016279337447284116,636,1329816.912879932
33,1.6500000000000001,25,0.0006564328971367939,0.0006112827479246574,True,0,1.0,0.08805144620899678,0.004519278398822229,0.0014699401327807169,636,1331360.2221396824
33,1.6500000000000001,26,0.0006112827479246574,0.0005739548130543337,True,0,1.0,0.07928281725944107,0.004373151972531742,0.001327718632856523,636,1332866.4387487366
33,1.6500000000000001,27,0.0005739548130543337,0.0005430095726655093,True,0,1.0,0.07138607709418342,0.004237446622765909,0.0011997099831390962,636,1334338.3892734405
33,1.6500000000000001,28,0.0005430095726655093,0.0005172763813137138,True,0,1.0,0.06427488816415423,0.004111150662932717,0.0010845088513960135,636,1335778.4578713828
33,1.6500000000000001,29,0.0005172763813137138,0.0004958030057585772,True,0,1.0,0.057871386626266376,0.003993360924757075,0.000980848894252073,636,1337188.6659374963
33,1.6500000000000001,30,0.0004958030057585772,0.00047781464236984483,True,0,1.0,0.05210536830923236,0.003883271515344331,0.0008875891773238332,636,1338570.7388324924
33,1.6500000000000001,31,0.00047781464236984483,0.0004626806369353309,True,0,1.0,0.04691354867521217,0.0037801635190002052,0.000803701852801163,636,1339926.1600538234
33,1.6500000000000001,32,0.0004626806369353309,0.0004498874605807224,True,0,1.0,0.042238891112900995,0.003683395613277561,0.0007282609920176846,636,1341256.2155756566
33,1.6500000000000001,33,0.0004498874605807224,0.00043901676614033214,True,0,1.0,0.03802999804286042,0.0035923955608777387,0.0006604324741646901,636,1342562.030122858
33,1.6500000000000001,34,0.00043901676614033214,0.00042972756975612203,True,0,1.0,0.034240559550817735,0.003506652531508362,0.0005994648374048529,636,1343844.5963222326
33,1.6500000000000001,35,0.00042972756975612203,0.00042174178121379136,True,0,1.0,0.030828854554906648,0.0034257102021050707,0.0005446810047216009,636,1345104.799050803
33,1.6500000000000001,36,0.00042174178121379136,0.000414832453281333,True,0,1.0,0.027757299833802537,0.00334916058079016,0.0004954708035648771,636,1346343.4341040056
33,1.6500000000000001,37,0.000414832453281333,0.00040881423775696035,True,0,1.0,0.02499204257333899,0.0032766384971432624,0.0004512842051613665,636,1347561.2241827885
33,1.6500000000000001,38,0.00040881423775696035,0.0004035356333740303,True,0,1.0,0.02250259242248289,0.003207816702226349,0.0004116252165030504,636,1348758.8314169545
33,1.6500000000000001,39,0.0004035356333740303,0.0003988726878204618,True,0,1.0,0.02026148937085317,0.0031424015217367323,0.0003760463648425454,636,1349936.8675085858
33,1.6500000000000001,40,0.0003988726878204618,0.0003947238806838449,True,0,1.0,0.018244004071117672,0.003080129008886012,0.0003441437214538768,636,1351095.9017423273
34,1.7000000000000002,1,0.0314581633524339,0.025838312893188053,True,0,1.0,1.066030879339082,0.018012310644774113,0.017075915362452794,636,1352236.4673109422
34,1.7000000000000002,2,0.025838312893188053,0.021213256126019653,True,0,1.0,0.9670666813818218,0.016608757042660974,0.015490812672852898,636,1363366.2821439884
34,1.7000000000000002,3,0.021213256126019653,0.017416080195754025,True,0,1.0,0.8761772127852961,0.015355224283734212,0.014034629636628241,636,1372640.2556169261
34,1.7000000000000002,4,0.017416080195754025,0.014304706905077347,True,0,1.0,0.7929932253097037,0.014232228798230166,0.012701811973704808,636,1380344.9465881696
34,1.7000000000000002,5,0.014304706905077347,0.011759284846788343,True,0,1.0,0.7170785976817574,0.013223291472137131,0.01148561350183237,636,1386735.7572704537
34,1.7000000000000002,6,0.011759284846788343,0.00967945388108149,True,0,1.0,0.647960463918622,0.012314551980710206,0.010378599211485831,636,1392036.6123100612
34,1.7000000000000002,7,0.00967945388108149,0.007981678224077693,True,0,1.0,0.5851515800787865,0.011494329989359071,0.009373026449704648,636,1396440.7852565553
34,1.7000000000000002,8,0.007981678224077693,0.00659676499728068,True,0,1.0,0.5281664271887632,0.01075271253595416,0.008461124752222588,636,1400112.7806472736
34,1.7000000000000002,9,0.00659676499728068,0.005467628699219129,True,0,1.0,0.4765323992411152,0.010081202612752672,0.007635293972720663,636,1403190.9370874655
34,1.7000000000000002,10,0.005467628699219129,0.004547323940247483,True,0,1.0,0.4297972261481027,0.009472437087106989,0.006888238338743275,636,1405790.3958513096
34,1.7000000000000002,11,0.004547323940247483,0.0037973444542948043,True,0,1.0,0.387533574310419,0.008919968388745207,0.006213051519039324,636,1408006.1497569047
34,1.7000000000000002,12,0.0037973444542948043,0.003186172034076784,True,0,1.0,0.3493415750729684,0.008418099034985586,0.005603265138213246,636,1409915.9729757889
34,1.7000000000000002,13,0.003186172034076784,0.00268805155122398,True,0,1.0,0.314849864431468,0.007961757276087491,0.0050528706853890555,636,1411583.1133616844
34,1.7000000000000002,14,0.00268805155122398,0.0022819652774481725,True,0,1.0,0.2837155789577513,0.007546403451137434,0.004556322574152657,636,1413058.6914204815
34,1.7000000000000002,15,0.0022819652774481725,0.0019507796143896083,True,0,1.0,0.2556236418111594,0.007167958646371796,0.004108528273295301,636,1414383.788485365
34,1.7000000000000002,16,0.0019507796143896083,0.001680538875654225,True,0,1.0,0.23028558564200646,0.006822749245567003,0.0037048299382863616,636,1415591.2341095877
34,1.7000000000000002,17,0.001680538875654225,0.0014598831504835097,True,0,1.0,0.20743809223239446,0.006507462674952894,0.0033409807984923585,636,1416707.1162262382
34,1.7000000000000002,18,0.0014598831504835097,0.001279569997742258,True,0,1.0,0.18684137797446457,0.006219110997768492,0.003013118648017206,636,1417752.0440616207
34,1.7000000000000002,19,0.001279569997742258,0.001132082462736439,True,0,1.0,0.16827751630305926,0.0059550000348297365,0.002717738100350828,636,1418742.1960615923
34,1.7000000000000002,20,0.001132082462736439,0.0010113084962452001,True,0,1.0,0.15154876006675608,0.00571270243016629,0.002451662753297026,636,1419690.1834191168
34,1.7000000000000002,21,0.0010113084962452001,0.0009122791973059652,True,0,1.0,0.13647590619022637,0.005490033610397552,0.002212018032369294,636,1420605.7588468378
34,1.7000000000000002,22,0.0009122791973059652,0.0008309553632704914,True,0,1.0,0.12289672999591604,0.0052850299545936005,0.0019962052057890915,636,1421496.3940270722
34,1.7000000000000002,23,0.0008309553632704914,0.0007640536110981033,True,0,1.0,0.1106645057814853,0.005095928741798283,0.001801876866916858,636,1422367.749991936
34,1.7000000000000002,24,0.0007640536110981033,0.0007089048483361893,True,0,1.0,0.09964662259752892,0.004921149608997009,0.0016269140404520518,636,1423224.056619325
34,1.7000000000000002,25,0.0007089048483361893,0.0006633391486704499,True,0,1.0,0.08972329881455984,0.004759277358773289,0.0014694049719129435,636,1424068.4203833833
34,1.7000000000000002,26,0.0006633391486704499,0.0006255921519034979,True,0,1.0,0.08078639538791313,0.004609046019298818,0.0013276255940034643,636,1424903.0708529684
34,1.7000000000000002,27,0.0006255921519034979,0.000594228992766288,True,0,1.0,0.0727383252689976,0.0044693240956452844,0.0012000216201490496,636,1425729.5588186074
34,1.7000000000000002,28,0.000594228992766288,0.000568082493674682,True,0,1.0,0.06549105482772714,0.004339100968237977,0.001085192188134549,636,1426548.9134382512
34,1.7000000000000002,29,0.000568082493674682,0.0005462029568842341,True,0,1.0,0.05896519219499255,0.004217474399520468,0.000981874960797345,636,1427361.7685829718
34,1.7000000000000002,30,0.0005462029568842341,0.0005278173852782952,True,0,1.0,0.05308915692362928,0.004103639109262865,0.000888932582820361,636,1428168.462109991
34,1.7000000000000002,31,0.0005278173852782952,0.0005122963641033262,True,0,1.0,0.047798425163526455,0.003996876373673315,0.0008053403900733378,636,1428969.113751341
34,1.7000000000000002,32,0.0005122963641033262,0.0004991271656160645,True,0,1.0,0.04303484455802514,0.0038965445983362413,0.0007301752692242016,636,1429763.687069481
34,1.7000000000000002,33,0.0004991271656160645,0.0004878919075322896,True,0,1.0,0.038746013221473904,0.0038020708096511858,0.0006626055690117556,636,1430552.0369023466
34,1.7000000000000002,34,0.0004878919075322896,0.00047824981517508025,True,0,1.0,0.03488471740150542,0.003712943005295226,0.0006018819698304123,636,1431333.9466154526
34,1.7000000000000002,35,0.00047824981517508025,0.0004699228155882196,True,0,1.0,0.031408422728546555,0.0036287033015793414,0.0005473292245291587,636,1432109.1557497317
34,1.7000000000000002,36,0.0004699228155882196,0.0004626838365828778,True,0,1.0,0.028278814283014476,0.0035489418143612936,0.0004983386901346051,636,1432877.3820667197
34,1.7000000000000002,37,0.0004626838365828778,0.0004563473020294806,True,0,1.0,0.02546138105081595,0.0034732912107374695,0.0004543615773618735,636,1433638.3372323066
34,1.7000000000000002,38,0.0004563473020294806,0.00045076140997324377,True,0,1.0,0.02292504067599095,0.0034014218698205623,0.0004149028519298997,636,1434391.7379984627
34,1.7000000000000002,39,0.00045076140997324377,0.00044580185825071617,True,0,1.0,0.020641800749952935,0.003333037593805359,0.00037951572891987674,636,1435137.3152692895
34,1.7000000000000002,40,0.00044580185825071617,0.0004413667454136183,True,0,1.0,0.018586453192028,0.003267871813440815,0.0003477967083241569,636,1435874.819430341
35,1.75,1,0.031397094443523454,0.025803785947084323,True,0,1.0,1.0862087355297905,0.018374314367539953,0.01702988968876249,636,1436604.0236418787
35,1.75,2,0.025803785947084323,0.021200384543656803,True,0,1.0,0.9851790220747307,0.0169537741921728,0.015449091556809163,636,1443211.0478167702
35,1.75,3,0.021200384543656803,0.01742074288638973,True,0,1.0,0.8924334587075172,0.015681358662749462,0.013997047476430075,636,1448199.02349957
35,1.75,4,0.01742074288638973,0.014323466181463518,True,0,1.0,0.8075825851439999,0.014539362120206263,0.012668137957596724,636,1451865.9136865686
35,1.75,5,0.014323466181463518,0.011789299576137835,True,0,1.0,0.7301715103817021,0.013512427580441346,0.011455578105934594,636,1454468.426037319
35,1.75,6,0.011789299576137835,0.009718394549069975,True,0,1.0,0.6597101956222183,0.012587317813419723,0.01035191435751968,636,1456225.6944901152
35,1.75,7,0.009718394549069975,0.00802764787751531,True,0,1.0,0.5956958234379901,0.011752622806327336,0.009349400241000304,636,1457322.7094335086
35,1.75,8,0.00802764787751531,0.006648228152852043,True,0,1.0,0.5376288232431801,0.010998467989427054,0.008440271763402162,636,1457913.7992984443
35,1.75,9,0.006648228152852043,0.005523349029453173,True,0,1.0,0.4850239454930251,0.010316254517719293,0.007616942032210024,636,1458126.1731950634
35,1.75,10,0.005523349029453173,0.004606310717355844,True,0,1.0,0.43741755919695136,0.009698442238810046,0.006872132644125959,636,1458063.429744335
35,1.75,11,0.004606310717355844,0.0038588072292096154,True,0,1.0,0.3943721284556353,0.009138374823958028,0.006198956794758022,636,1457808.9158739045
35,1.75,12,0.0038588072292096154,0.003249482756220612,True,0,1.0,0.3554786244986497,0.00863014156396885,0.005590966407758854,636,1457428.8442585445
35,1.75,13,0.003249482756220612,0.0027527132218343464,True,0,1.0,0.32035745898645396,0.008168468878886056,0.005042173102044321,636,1456975.1097696214
35,1.75,14,0.0027527132218343464,0.0023475862189054064,True,0,1.0,0.28865838396600324,0.007748634886735013,0.00454705064365651,636,1456487.7774851392
35,1.75,15,0.0023475862189054064,0.002017052488090698,True,0,1.0,0.2600596918359187,0.007366401381589801,0.004100524711267478,636,1455997.2407582295
35,1.75,16,0.002017052488090698,0.0017472236648015116,True,0,1.0,0.23426696124971708,0.007017958736956865,0.0036979543342774957,636,1455526.0630584161
35,1.75,17,0.0017472236648015116,0.0015267934198565092,True,0,1.0,0.21101152784133712,0.006699880326226811,0.0033351082045127095,636,1455090.5294238112
35,1.75,18,0.0015267934198565092,0.0013465618409946867,True,0,1.0,0.19004880796159873,0.006409083948783438,0.00300813816961162,636,1454701.9390752132
35,1.75,19,0.0013465618409946867,0.001199045639469043,True,0,1.0,0.17115656572557789,0.006142798454765314,0.0027135515394813075,636,1454367.6725132738
35,1.75,20,0.001199045639469043,0.001078159344248486,True,0,1.0,0.15413318564338319,0.00589853429511465,0.0024481833320592196,636,1454092.063090708
35,1.75,21,0.001078159344248486,0.0009789549780229168,True,0,1.0,0.1387959925717574,0.005674057116366686,0.002209169212592985,636,1453877.105179963
35,1.75,22,0.0009789549780229168,0.0008974097603546838,True,0,1.0,0.12497964582125977,0.005467363801698747,0.0019939196101747265,636,1453723.0242893428
35,1.75,23,0.0008974097603546838,0.0008302531541908298,True,0,1.0,0.1125346235512353,0.005276660557911574,0.001800095301253855,636,1453628.7335670213
35,1.75,24,0.0008302531541908298,0.0007748260773382531,True,0,1.0,0.10132580598892274,0.0051003427822560385,0.0016255846126239657,636,1453592.1955608793
35,1.75,25,0.0007748260773382531,0.0007289663696610216,True,0,1.0,0.091231160700525,0.004936976532364069,0.0014684823011484418,636,1453610.7083386418
35,1.75,26,0.0007289663696610216,0.0006909156646018877,True,0,1.0,0.0821405295004388,0.004785281476949472,0.0013270701026082653,636,1453681.1287710622
35,1.75,27,0.0006909156646018877,0.0006592436937244983,True,0,1.0,0.07395451415862352,0.004644115238281447,0.0011997988994819698,636,1453800.045048275
35,1.75,28,0.0006592436937244983,0.0006327867776856344,True,0,1.0,0.06658345650979006,0.004512459053174468,0.0010852724304558333,636,1453963.9097966556
35,1.75,29,0.0006327867776856344,0.0006105978554734603,True,0,1.0,0.05994650763976539,0.004389404687269716,0.0009822324489181132,636,1454169.1402993605
35,1.75,30,0.0006105978554734603,0.0005919058928806065,True,0,1.0,0.05397078033350858,0.004274142537651726,0.0008895452297325426,636,1454412.1932155616
35,1.75,31,0.0005919058928806065,0.0005760829127894329,True,0,1.0,0.048590578789233896,0.004165950857950778,0.0008061893212790133,636,1454689.6182552618
35,1.75,32,0.0005760829127894329,0.0005626172171188104,True,0,1.0,0.043746699631358334,0.004064186037014475,0.0007312444409587127,636,1454998.097730611
35,1.75,33,0.0005626172171188104,0.0005510916378934638,True,0,1.0,0.03938579842478162,0.003968273860147663,0.0006638814161335637,636,1455334.4712493722
35,1.75,34,0.0005510916378934638,0.0005411658722171975,True,0,1.0,0.035459816151315576,0.003877701680153663,0.0006033530777482855,636,1455695.7530843283
35,1.75,35,0.0005411658722171975,0.0005325621335607877,True,0,1.0,0.03192546042246367,0.003792011425441711,0.0005489860202706045,636,1456079.1401215568
35,1.75,36,0.0005325621335607877,0.0005250534956512398,True,0,1.0,0.028743736542596172,0.0037107933730743557,0.0005001731484694082,636,1456482.0157065927
35,1.75,37,0.0005250534956512398,0.0005184544227306853,True,0,1.0,0.02587952388821503,0.0036336806168751653,0.0004563669388487452,636,1456901.9487565933
35,1.75,38,0.0005184544227306853,0.0005126130749547597,True,0,1.0,0.02330119341772136,0.0035603441634994588,0.00041707335091588013,636,1457336.68953057
35,1.75,39,0.0005126130749547597,0.0005074050551285847,True,0,1.0,0.02098026246571896,0.00349048859315442,0.0003818463308207459,636,1457784.1634601506
35,1.75,40,0.0005074050551285847,0.0005027283260077287,True,0,1.0,0.018891083300207653,0.003423848225810765,0.00035028285701653477,636,1458242.4638751338
36,1.8,1,0.03134345502161795,0.02577497387250205,True,0,1.0,1.1032555223383382,0.018609138365669502,0.016987272296045807,636,1458709.843218375
36,1.8,2,0.02577497387250205,0.021191831175740194,True,0,1.0,1.0003790912992594,0.017165218236928247,0.015410751865519852,636,1460590.202519073
36,1.8,3,0.021191831175740194,0.01742862343213958,True,0,1.0,0.9059980152205,0.015870361232621435,0.0139627285140738,636,1461257.4332658593
36,1.8,4,0.01742862343213958,0.014344605973421132,True,0,1.0,0.8196969980765464,0.014708040528355868,0.012637546196211968,636,1460994.9602040215
36,1.8,5,0.014344605973421132,0.011821083137575905,True,0,1.0,0.7409984523588755,0.01366351876868196,0.011428403625489292,636,1460044.674870983
36,1.8,6,0.011821083137575905,0.009758680938273367,True,0,1.0,0.6693925762062761,0.012723770008273615,0.010327845756067,636,1458609.704015139
36,1.8,7,0.009758680938273367,0.008074694267208526,True,0,1.0,0.6043594121070244,0.011877322227659238,0.009328135111834678,636,1456857.4015713867
36,1.8,8,0.008074694267208526,0.006700622495655395,True,0,1.0,0.5453845348804536,0.011114073793076093,0.008421523582742663,636,1454922.8414374322
36,1.8,9,0.006700622495655395,0.0055799518794614755,True,0,1.0,0.49196980328548234,0.010425113415320441,0.007600444262705083,636,1452912.6848953145
36,1.8,10,0.0055799518794614755,0.004666205760049502,True,0,1.0,0.4436403690024926,0.009802557578870242,0.00685764077032477,636,1450909.1763324188
36,1.8,11,0.004666205760049502,0.003921259762120877,True,0,1.0,0.39994890457227034,0.009239410211794074,0.006186248889716415,636,1448974.029981594
36,1.8,12,0.003921259762120877,0.003313905212206314,True,0,1.0,0.3604778056554006,0.008729444479378625,0.005579842707161675,636,1447152.0336483216
36,1.8,13,0.003313905212206314,0.0028186367872753415,True,0,1.0,0.324839949127547,0.008267104337526626,0.005032454948326529,636,1445474.2678798705
36,1.8,14,0.0028186367872753415,0.002414637632433214,True,0,1.0,0.2926784471842009,0.007847422723237522,0.004538579065422884,636,1443960.8992115569
36,1.8,15,0.002414637632433214,0.002084935181153602,True,0,1.0,0.26366572572690605,0.0074659532661199325,0.004093158825112847,636,1442623.5457602094
36,1.8,16,0.002084935181153602,0.0018157025005630656,True,0,1.0,0.23750216847955824,0.007118712756378818,0.0036915696959185823,636,1441467.2445801238
36,1.8,17,0.0018157025005630656,0.001595682388392694,True,0,1.0,0.21391450198106413,0.006802132073596321,0.0033295951915664683,636,1440492.059962076
36,1.8,18,0.001595682388392694,0.0014157141665488426,True,0,1.0,0.19265404661678487,0.0065130137501257694,0.0030034004462503785,636,1439694.382251226
36,1.8,19,0.0014157141665488426,0.001268345844803176,True,0,1.0,0.17349492157975382,0.006248494762081087,0.0027095046307891797,636,1439067.9625134587
36,1.8,20,0.001268345844803176,0.0011475168963152038,True,0,1.0,0.15623226413171576,0.006006013491159788,0.002444753320738688,636,1438604.7283523704
36,1.8,21,0.0011475168963152038,0.0010482992069187347,True,0,1.0,0.14068050339900381,0.005783280079482735,0.0022062915606627055,636,1438295.4192166927
36,1.8,22,0.0010482992069187347,0.0009666858009598212,True,0,1.0,0.12667171434871108,0.005578249614617701,0.001991538102017606,636,1438130.076109373
36,1.8,23,0.0009666858009598212,0.0008994187071910131,True,0,1.0,0.11405406712843444,0.005389097741559321,0.0017981611006104691,636,1438098.4134889247
36,1.8,24,0.0008994187071910131,0.0008438488261434118,True,0,1.0,0.10269037954325995,0.005214198412845455,0.0016240554241233566,636,1438190.0981758654
36,1.8,25,0.0008438488261434118,0.0007978219212305682,True,0,1.0,0.09245677527657407,0.0050521035668832735,0.0014673216260003424,636,1438394.9540942574
36,1.8,26,0.0007978219212305682,0.0007595859088591617,True,0,1.0,0.08324144693193196,0.004901524576476134,0.0013262465779317618,636,1438703.1086056295
36,1.8,27,0.0007595859088591617,0.0007277154965759092,True,0,1.0,0.07494352063180146,0.004761315341796562,0.0011992857109015612,636,1439105.0952160442
36,1.8,28,0.0007277154965759092,0.0007010509403231335,True,0,1.0,0.06747201742312663,0.004630456920739107,0.0010850467881351222,636,1439591.919443455
36,1.8,29,0.0007010509403231335,0.0006786482858144316,True,0,1.0,0.06074490586345275,0.004508043599183496,0.0009822751177035035,636,1440155.0998267785
36,1.8,30,0.0006786482858144316,0.0006597389459442882,True,0,1.0,0.05468823971647848,0.004393270308072193,0.0008898401047651247,636,1440786.6875761838
36,1.8,31,0.0006597389459442882,0.0006436968657657083,True,0,1.0,0.04923537454123692,0.004285421296045979,0.0008067230410801697,636,1441479.2711780688
36,1.8,32,0.0006436968657657083,0.0006300118516932018,True,0,1.0,0.04432625701658102,0.004183859966504042,0.0007320060306419442,636,1442225.9714142513
36,1.8,33,0.0006300118516932018,0.0006182679079308473,True,0,1.0,0.039906781038273983,0.0040880197890044165,0.0006648619541120112,636,1443020.426202661
36,1.8,34,0.0006182679079308473,0.0006081256394248058,True,0,1.0,0.03592820490487807,0.003997396195903125,0.000604545380085076,636,1443856.7711887313
36,1.8,35,0.0006081256394248058,0.0005993079572610416,True,0,1.0,0.0323466242397821,0.0039115393774869075,0.0005503843376874041,636,1444729.616659294
36,1.8,36,0.0005993079572610416,0.0005915884657443637,True,0,1.0,0.029122495652062243,0.0038300478918452297,0.0005017728720806443,636,1445634.0218588396
36,1.8,37,0.0005915884657443637,0.0005847820269022641,True,0,1.0,0.026220206503429377,0.0037525630097850664,0.000458164311937542,636,1446565.4681727008
36,1.8,38,0.0005847820269022641,0.0005787370931947811,True,0,1.0,0.023607686509354298,0.0036787637197639184,0.00041906518560329433,636,1447519.8316234434
36,1.8,39,0.0005787370931947811,0.0005733294761006702,True,0,1.0,0.021256057251414957,0.003608362322827093,0.0003840297302174091,636,1448493.3562491937
36,1.8,40,0.0005733294761006702,0.000568457280637924,True,0,1.0,0.019139316010856115,0.003541100552943085,0.00035265494538826695,636,1449482.6278136673
37,1.85,1,0.031296048836788715,0.025749421811996243,True,0,1.0,1.1161058481048112,0.0187233425059121,0.016950877046942606,636,1450484.5481126858
37,1.85,2,0.025749421811996243,0.02118418592517035,True,0,1.0,1.0118394979272174,0.017266029312736245,0.01537799936131978,636,1450505.711161396
37,1.85,3,0.02118418592517035,0.017435562173913954,True,0,1.0,0.9162416307435527,0.015959976039825297,0.013933381618903106,636,1449774.4647160363
37,1.85,4,0.017435562173913954,0.014363352203405899,True,0,1.0,0.8288702901843653,0.014789080279534421,0.012611350745440453,636,1448520.735993596
37,1.85,5,0.014363352203405899,0.011849332927357237,True,0,1.0,0.749226019333203,0.01373868242295821,0.011405099789629596,636,1446937.957274562
37,1.85,6,0.011849332927357237,0.009794534641247576,True,0,1.0,0.6767811452709154,0.012795598016927787,0.010307176827581957,636,1445184.3521872454
37,1.85,7,0.009794534641247576,0.008116594505279906,True,0,1.0,0.6110010852307263,0.011948055484285373,0.009309853918163271,636,1443385.3274683638
37,1.85,8,0.008116594505279906,0.006747298936113921,True,0,1.0,0.5513593790192082,0.011185586071371496,0.008405396827378746,636,1441636.907419646
37,1.85,9,0.006747298936113921,0.005630372934659511,True,0,1.0,0.497347899295597,0.01049889540106046,0.007586255159539634,636,1440009.781546452
37,1.85,10,0.005630372934659511,0.004719537005781538,True,0,1.0,0.44848342888277726,0.009879733831715401,0.006845190347905111,636,1438553.5081694073
37,1.85,11,0.004719537005781538,0.003976828622523798,True,0,1.0,0.4043115521712902,0.009320774795630987,0.006175356313024184,636,1437300.527473176
37,1.85,12,0.003976828622523798,0.003371171305926679,True,0,1.0,0.3644085985459252,0.008815505247564647,0.005570344912730885,636,1436269.7725502679
37,1.85,13,0.003371171305926679,0.0028771672605900633,True,0,1.0,0.3283822026869589,0.008358129354572074,0.005024205829510762,636,1435469.780010013
37,1.85,14,0.0028771672605900633,0.0024740867978840786,True,0,1.0,0.29587090760982454,0.007943484905713536,0.0045314483881189836,636,1434901.2842346774
37,1.85,15,0.0024740867978840786,0.0021450278146420976,True,0,1.0,0.266543127169449,0.007566971123689119,0.004087031005397772,636,1434559.3254758678
37,1.85,16,0.0021450278146420976,0.0018762202082224233,True,0,1.0,0.24009570052618895,0.0072244862819371295,0.0036863425314871833,636,1434434.9263723218
37,1.85,17,0.0018762202082224233,0.0016564525236433258,True,0,1.0,0.21625220696158787,0.006912373546424599,0.0033251786083281316,636,1434516.4030730391
37,1.85,18,0.0016564525236433258,0.0014766008487846483,True,0,1.0,0.19476116119469633,0.006627373625960294,0.0029997152987642113,636,1434790.3727963818
37,1.85,19,0.0014766008487846483,0.0013292426996898143,True,0,1.0,0.17539417341679817,0.006366583038925851,0.002706481578931899,636,1435242.5160571234
37,1.85,20,0.0013292426996898143,0.0012083411990065906,True,0,1.0,0.1579441317392559,0.006127417035252013,0.0024423317935624725,636,1435858.1449016817
37,1.85,21,0.0012083411990065906,0.0011089871644142102,True,0,1.0,0.14222344534842754,0.005907576422396058,0.0022044188107382995,636,1436622.6169771133
37,1.85,22,0.0011089871644142102,0.0010271887564425874,True,0,1.0,0.12806237260194758,0.0057050177200195056,0.001990168348467874,636,1437521.6307469674
37,1.85,23,0.0010271887564425874,0.0009597000889250973,True,0,1.0,0.11530744822121045,0.005517926207495134,0.001797254755892364,636,1438541.4305613441
37,1.85,24,0.0009597000889250973,0.0009038816966078222,True,0,1.0,0.10382001659818271,0.005344691533002942,0.0016235783977373035,636,1439668.9409004038
37,1.85,25,0.0009038816966078222,0.0008575870093950888,True,0,1.0,0.09347487326301566,0.0051838856282215365,0.001467244697305328,636,1440891.8493192089
37,1.85,26,0.0008575870093950888,0.00081907003094428,True,0,1.0,0.08415901316949552,0.005034242724241622,0.0013265448298390543,636,1442198.649446585
37,1.85,27,0.00081907003094428,0.0007869102891078228,True,0,1.0,0.07577048221363017,0.004894641298223672,0.0011999380161611531,636,1443578.656220664
37,1.85,28,0.0007869102891078228,0.0007599518440180031,True,0,1.0,0.06821732698678167,0.004764087801748127,0.001086035340096028,636,1445022.0000919085
37,1.85,29,0.0007599518440180031,0.0007372537307082094,True,0,1.0,0.0614166369411924,0.004641702034982064,0.0009835849977750534,636,1446519.6059393487
37,1.85,30,0.0007372537307082094,0.0007180496984069418,True,0,1.0,0.05529367273951013,0.004526704038964943,0.0008914588792695093,636,1448063.1632009007
37,1.85,31,0.0007180496984069418,0.0007017155050952351,True,0,1.0,0.04978107444217827,0.004418402383880424,0.0008086403806898645,636,1449645.088530558
37,1.85,32,0.0007017155050952351,0.000687742351059839,True,0,1.0,0.04481814326811398,0.00431618373565339,0.0007342133463597881,636,1451258.4844172385
37,1.85,33,0.000687742351059839,0.0006757152989094184,True,0,1.0,0.04035019087310868,0.004219503587671968,0.0006673520445266503,636,1452897.0965757668
37,1.85,34,0.0006757152989094184,0.0006652957437279783,True,0,1.0,0.03632795038462039,0.004127878049139422,0.0006073120857719825,636,1454555.2699194886
37,1.85,35,0.0006652957437279783,0.0006562071725069174,True,0,1.0,0.03270704377147165,0.004040876587024679,0.0005534221999532617,636,1456227.9053695246
37,1.85,36,0.0006562071725069174,0.0006482235945276527,True,0,1.0,0.02944750049105556,0.003958115624587122,0.0005050767949444972,636,1457910.4178724473
37,1.85,37,0.0006482235945276527,0.0006411601407082523,True,0,1.0,0.026513322728502067,0.0038792529058780663,0.0004617292283035119,636,1459598.6957449494
37,1.85,38,0.0006411601407082523,0.000634865424424258,True,0,1.0,0.023872092908106303,0.003803982542429408,0.00042288573092771333,636,1461289.0619518654
37,1.85,39,0.000634865424424258,0.0006292153325082595,True,0,1.0,0.021494619511541357,0.003732030665335858,0.0003880999295587837,636,1462978.238151233
37,1.85,40,0.0006292153325082595,0.0006241079779772951,True,0,1.0,0.0193546175752781,0.003663151612685546,0.0003569679223735998,636,1464663.3101404707
38,1.9000000000000001,1,0.0312572165923618,0.02572896075792619,True,0,1.0,1.12619699529984,0.018779152440501923,0.016921396338835167,636,1466341.695898035
38,1.9000000000000001,2,0.02572896075792619,0.021178705035117873,True,0,1.0,1.0209675721870657,0.017325746196722145,0.015351494433586658,636,1466358.9330713837
38,1.9000000000000001,3,0.021178705035117873,0.017442197253335734,True,0,1.0,0.9245173277726358,0.016024370833766906,0.013909672220485362,636,1465852.034411229
38,1.9000000000000001,4,0.017442197253335734,0.01437970521961085,True,0,1.0,0.8363848305222834,0.014858889481569805,0.012590244345936983,636,1465016.8934731125
38,1.9000000000000001,5,0.01437970521961085,0.011873413246955788,True,0,1.0,0.7560559719407518,0.013814499763485562,0.01138639819748717,636,1464009.8866926504
38,1.9000000000000001,6,0.011873413246955788,0.009824703134449164,True,0,1.0,0.6829920248794207,0.012877813123690275,0.010290681969130881,636,1462952.0345065095
38,1.9000000000000001,7,0.009824703134449164,0.008151511600589578,True,0,1.0,0.6166499645169621,0.01203683262078876,0.009295372520680465,636,1461933.984095154
38,1.9000000000000001,8,0.008151511600589578,0.006785877479284497,True,0,1.0,0.5564967504668165,0.011280871991318296,0.008392743933535902,636,1461021.1409773643
38,1.9000000000000001,9,0.006785877479284497,0.005671736333682786,True,0,1.0,0.5020189883429618,0.010600445279822578,0.007575256543129422,636,1460258.4947400235
38,1.9000000000000001,10,0.005671736333682786,0.0047629827754017695,True,0,1.0,0.4527291184393524,0.009987146215074297,0.00683568398378801,636,1459674.8998212516
38,1.9000000000000001,11,0.0047629827754017695,0.00402179714574824,True,0,1.0,0.4081690388992068,0.009433529091477036,0.006167193086461405,636,1459286.718710164
38,1.9000000000000001,12,0.00402179714574824,0.0034172194296471226,True,0,1.0,0.36791186782987356,0.00893299765930746,0.005563388751467417,636,1459100.8362843792
38,1.9000000000000001,13,0.0034172194296471226,0.002923946229140606,True,0,1.0,0.33156238302953256,0.008479704991608458,0.0050183334212876235,636,1459117.0991827345
38,1.9000000000000001,14,0.002923946229140606,0.002521323983961765,True,0,1.0,0.29875654573746535,0.008068465074436917,0.004526548617992613,636,1459330.2561689767
38,1.9000000000000001,15,0.002521323983961765,0.002192511710755407,True,0,1.0,0.2691604112293683,0.007694675598562594,0.004083004218103311,636,1459731.4810465472
38,1.9000000000000001,16,0.002192511710755407,0.0019237881753277897,True,0,1.0,0.24246864911490235,0.007354250810535725,0.003683099697762369,636,1460309.5532897753
38,1.9000000000000001,17,0.0019237881753277897,0.0017039808435959092,True,0,1.0,0.21840283521522663,0.0070435630706397094,0.0033226404520840603,636,1461051.7620068926
38,1.9000000000000001,18,0.0017039808435959092,0.0015239966832339968,True,0,1.0,0.19670963087776575,0.006759391791855733,0.00299781142445632,636,1461944.589211106
38,1.9000000000000001,19,0.0015239966832339968,0.0013764376145237733,True,0,1.0,0.177158931182039,0.006498878578951953,0.0027051496250847192,636,1462974.2209060567
38,1.9000000000000001,20,0.0013764376145237733,0.0012552859667522842,True,0,1.0,0.15954203799658329,0.006259487576323137,0.00244151662845458,636,1464126.921424894
38,1.9000000000000001,21,0.0012552859667522842,0.0011556476042688946,True,0,1.0,0.1436698951251994,0.006038970222923559,0.002204071779038622,636,1465389.302637759
38,1.9000000000000001,22,0.0011556476042688946,0.0010735424136339988,True,0,1.0,0.1293714091602981,0.005835333780855265,0.001990246572597431,636,1466748.5112176626
38,1.9000000000000001,23,0.0010735424136339988,0.0010057335906654696,True,0,1.0,0.11649186985695989,0.005646813142088048,0.001797720492397289,636,1468192.3541683678
38,1.9000000000000001,24,0.0010057335906654696,0.000949588651772304,True,0,1.0,0.10489147687453881,0.0054718455243839195,0.0016243984466850496,636,1469709.3761660706
38,1.9000000000000001,25,0.000949588651772304,0.0009029663443986813,True,0,1.0,0.09444397486092114,0.005309047746388177,0.00146838986129472,636,1471288.9017191068
38,1.9000000000000001,26,0.0009029663443986813,0.0008641246746602382,True,0,1.0,0.0850353955200279,0.0051571958282796565,0.001327989418357605,636,1472921.0505372202
38,1.9000000000000001,27,0.0008641246746602382,0.0008316461365246441,True,0,1.0,0.07656290309082897,0.005015206703234791,0.0012016593906564303,636,1474596.7324057084
38,1.9000000000000001,28,0.0008316461365246441,0.0008043769422546587,True,0,1.0,0.06893373826333699,0.004882121851903523,0.0010880134950498103,636,1476307.6291069025
38,1.9000000000000001,29,0.0008043769422546587,0.0007813776421446983,True,0,1.0,0.06206425473588787,0.00475709269069374,0.0009858021732239064,636,1478046.1658215993
38,1.9000000000000001,30,0.0007813776421446983,0.0007618830044726632,True,0,1.0,0.05587904220870309,0.0046393675579552915,0.0008938992005719545,636,1479805.4762870602
38,1.9000000000000001,31,0.0007618830044726632,0.0007452694218667011,True,0,1.0,0.050310129486720846,0.004528280152568866,0.0008112895218972896,636,1481579.362534726
38,1.9000000000000001,32,0.0007452694218667011,0.0007310284333289507,True,0,1.0,0.04529626143873058,0.004423239288402468,0.0007370582142174604,636,1483362.2545988432
38,1.9000000000000001,33,0.0007310284333289507,0.000718745214291161,True,0,1.0,0.040782243764490765,0.0043237198365061,0.0006703804810464522,636,1485149.1665699333
38,1.9000000000000001,34,0.000718745214291161,0.000708081102066882,True,0,1.0,0.03671834980943427,0.00422925473487077,0.0006105125883512677,636,1486935.654397224
38,1.9000000000000001,35,0.000708081102066882,0.0006987593987890506,True,0,1.0,0.033059784002312735,0.004139427954036633,0.000556783659252339,636,1488717.7750325922
38,1.9000000000000001,36,0.0006987593987890506,0.0006905538359349706,True,0,1.0,0.029766196851874854,0.004053868315176852,0.0005085882521175119,636,1490492.044868908
38,1.9000000000000001,37,0.0006905538359349706,0.0006832792004926036,True,0,1.0,0.02680124680732412,0.003972244065481927,0.00046537965462026444,636,1492255.4022262276
38,1.9000000000000001,38,0.0006832792004926036,0.0006767837165660984,True,0,1.0,0.02413220465116361,0.003894258124257355,0.0004266638342300625,636,1494005.1698808724
38,1.9000000000000001,39,0.0006767837165660984,0.000670942852615708,True,0,1.0,0.021729596446328273,0.0038196439210347265,0.00039199399322932093,636,1495739.0216386153
38,1.9000000000000001,40,0.000670942852615708,0.0006656542866068094,True,0,1.0,0.019566881395678158,0.003748161754814119,0.00036096568325799487,636,1497454.9493328822
39,1.9500000000000002,1,0.031228445807614635,0.025714756487126622,True,0,1.0,1.1357941411816632,0.01882127522495056,0.016898876592250603,636,1499151.2330455068
39,1.9500000000000002,2,0.025714756487126622,0.021176319858777992,True,0,1.0,1.0297948816336506,0.01737713797683872,0.015331296630442073,636,1498583.6571941054
39,1.9500000000000002,3,0.021176319858777992,0.01744932510977404,True,0,1.0,0.9326349465141437,0.016083652802684374,0.013891643768188269,636,1497560.5768124082
39,1.9500000000000002,4,0.01744932510977404,0.014394427960279566,True,0,1.0,0.8438444827751811,0.014924751451061624,0.012574227667309232,636,1496232.2652964555
39,1.9500000000000002,5,0.014394427960279566,0.011894149840349533,True,0,1.0,0.7629038548020486,0.013885696407316284,0.011372233823189923,636,1494721.5783340533
39,1.9500000000000002,6,0.011894149840349533,0.009850161831168713,True,0,1.0,0.6892706241678083,0.012953167750978007,0.010278211721722967,636,1493127.3225829077
39,1.9500000000000002,7,0.009850161831168713,0.008180645740066828,True,0,1.0,0.6223991187744145,0.012115246261280768,0.0092844423906034,636,1491527.3342317617
39,1.9500000000000002,8,0.008180645740066828,0.006817845562585023,True,0,1.0,0.5617542210919746,0.011361333881949381,0.00838320641504867,636,1489981.3679377805
39,1.9500000000000002,9,0.006817845562585023,0.0057058667319577205,True,0,1.0,0.5068207255382401,0.010682041589118918,0.007566972346936217,636,1488533.817738906
39,1.9500000000000002,10,0.0057058667319577205,0.004798743147013562,True,0,1.0,0.4571093544323895,0.010069065293189957,0.006828523146562147,636,1487216.243893362
39,1.9500000000000002,11,0.004798743147013562,0.00405876838556285,True,0,1.0,0.4121602946489353,0.009515062806465545,0.006161035555776732,636,1486049.6732427385
39,1.9500000000000002,12,0.00405876838556285,0.003455073800155195,True,0,1.0,0.37154492651968873,0.009013539196824943,0.005558124548292836,636,1485046.64665906
39,1.9500000000000002,13,0.003455073800155195,0.002962429225237484,True,0,1.0,0.33486626098179234,0.008558743882544186,0.005013862483643949,636,1484213.0011971125
39,1.9500000000000002,14,0.002962429225237484,0.0025602394472457046,True,0,1.0,0.30175847651927745,0.008145580304353495,0.004522780418690006,636,1483549.389331367
39,1.9500000000000002,15,0.0025602394472457046,0.0022317097150299503,True,0,1.0,0.27188584945420174,0.007769527576126835,0.004079857233679508,636,1483052.5512591007
39,1.9500000000000002,16,0.0022317097150299503,0.001963155238241532,True,0,1.0,0.24494129501041437,0.007426572824694389,0.003680500789237206,636,1482716.3620986852
39,1.9500000000000002,17,0.001963155238241532,0.0017434320660071334,True,0,1.0,0.22064467810060978,0.0071131527069211815,0.003320524202999955,636,1482532.6804527761
39,1.9500000000000002,18,0.0017434320660071334,0.0015634694699908636,True,0,1.0,0.1987410083409551,0.006826102635172547,0.0029961194689656903,636,1482492.0262479528
39,1.9500000000000002,19,0.0015634694699908636,0.0014158866818998472,True,0,1.0,0.17899860033419185,0.0065626124144052556,0.00270382998866836,636,1482584.1134785814
39,1.9500000000000002,20,0.0014158866818998472,0.0012946793895104447,True,0,1.0,0.16120725529375787,0.00632018721160707,0.00244052309604805,636,1482798.2637178036
39,1.9500000000000002,21,0.0012946793895104447,0.001194963698251228,True,0,1.0,0.14517650162522552,0.0060966129919143115,0.002203363299563033,636,1483123.7209278482
39,1.9500000000000002,22,0.001194963698251228,0.0011127672864743587,True,0,1.0,0.13073391856651842,0.00588992574354744,0.0019897867046895037,636,1483549.8859132417
39,1.9500000000000002,23,0.0011127672864743587,0.0010448592248513133,True,0,1.0,0.11772355720093325,0.00569838396578206,0.0017974768932208908,636,1484066.4867848658
39,1.9500000000000002,24,0.0010448592248513133,0.0009886114101308463,True,0,1.0,0.10600446615638938,0.005520444011928424,0.0016243424037168245,636,1484663.7000946798
39,1.9500000000000002,25,0.0009886114101308463,0.0009418858097833827,True,0,1.0,0.09544932437809395,0.005354737965249989,0.001468495865720079,636,1485332.2297810838
39,1.9500000000000002,26,0.0009418858097833827,0.0009029427532403211,True,0,1.0,0.08594317996376924,0.005200053788135779,0.0013282347779512546,636,1486063.3564918814
39,1.9500000000000002,27,0.0009029427532403211,0.0008703663685402097,True,0,1.0,0.0773822917767549,0.005055317527291324,0.0012020238796363349,636,1486848.9627470274
39,1.9500000000000002,28,0.0008703663685402097,0.0008430039752826968,True,0,1.0,0.0696730690927842,0.004919577387481338,0.001088479038265176,636,1487681.5396356496
39,1.9500000000000002,29,0.0008430039752826968,0.000819916831534373,True,0,1.0,0.06273110366693159,0.0047919895063951385,0.0009863525621274123,636,1488554.180637177
39,1.9500000000000002,30,0.000819916831534373,0.0008003401128238163,True,0,1.0,0.056480288155116846,0.004671805278160315,0.000894519838610469,636,1489460.5652430411
39,1.9500000000000002,31,0.0008003401128238163,0.0007836503955899188,True,0,1.0,0.050852014669065325,0.0045583600837086164,0.000811967197251782,636,1490394.935408851
39,1.9500000000000002,32,0.0007836503955899188,0.0007693392386585174,True,0,1.0,0.0457844472890149,0.004451063295923103,0.0007377808981601328,636,1491352.0678332483
39,1.9500000000000002,33,0.0007693392386585174,0.0007569917192663533,True,0,1.0,0.04122186254196129,0.004349389435450621,0.0006711371505854529,636,1492327.2430674925
39,1.9500000000000002,34,0.0007569917192663533,0.0007462689936024169,True,0,1.0,0.03711405212202676,0.004252870361586794,0.0006112930721830983,636,1493316.2127803469
39,1.9500000000000002,35,0.0007462689936024169,0.0007368941265702977,True,0,1.0,0.03341578245297771,0.0041610883902571585,0.0005575785064162814,636,1494315.1672086038
39,1.9500000000000002,36,0.0007368941265702977,0.0007286405766051551,True,0,1.0,0.030086306042024374,0.004073670239757106,0.0005093886230106573,636,1495320.701619628
39,1.9500000000000002,37,0.0007286405766051551,0.0007213228370307467,True,0,1.0,0.027088919935253725,0.003990281712365446,0.0004661772342119812,636,1496329.7848888296
39,1.9500000000000002,38,0.0007213228370307467,0.0007147888289003035,True,0,1.0,0.02439056694303755,0.003910623028334155,0.0004274507673406205,636,1497339.727665551
39,1.9500000000000002,39,0.0007147888289003035,0.0007089137164748571,True,0,1.0,0.021961475652287798,0.003834424736286637,0.00039276284156149996,636,1498348.153650546
39,1.9500000000000002,40,0.0007089137164748571,0.0007035948783492563,True,0,1.0,0.019774835575861776,0.003761444131612704,0.00036170940347084494,636,1499352.971164448
40,2.0,1,0.031204806294199083,0.025704521605855013,True,0,1.0,1.1459533463538516,0.018856930846411532,0.016879138182434476,636,1500352.3467408526
40,2.0,2,0.025704521605855013,0.02117709212865604,True,0,1.0,1.0391945241194955,0.017420304497571346,0.015313349263012123,636,1495157.1721555374
40,2.0,3,0.02117709212865604,0.017459085036729216,True,0,1.0,0.94130910515094,0.016132579855422012,0.013875354607511802,636,1489532.3663531817
40,2.0,4,0.017459085036729216,0.014411489576977687,True,0,1.0,0.8518280789748617,0.014977762843142315,0.012559469365014756,636,1483675.1944338686
40,2.0,5,0.014411489576977687,0.011917117326095239,True,0,1.0,0.770233173918659,0.013941240591962778,0.011358884390201485,636,1477748.2701458076
40,2.0,6,0.011917117326095239,0.00987788809576673,True,0,1.0,0.6959832199009428,0.013009858338143429,0.010266154902217094,636,1471881.5404143282
40,2.0,7,0.00987788809576673,0.008212194045277399,True,0,1.0,0.6285333834194285,0.012171886647986976,0.009273568181594813,636,1466175.306096892
40,2.0,8,0.008212194045277399,0.006852454985277756,True,0,1.0,0.5673488182199993,0.011416925426365953,0.008373411516430156,636,1460703.9107492757
40,2.0,9,0.006852454985277756,0.005742921867405992,True,0,1.0,0.5119140102180004,0.010735778115180302,0.007558160442909088,636,1455519.6919143065
40,2.0,10,0.005742921867405992,0.004837748084291382,True,0,1.0,0.46173885219845257,0.01012031804528816,0.006820604995412114,636,1450656.85959733
40,2.0,11,0.004837748084291382,0.004099324723589537,True,0,1.0,0.4163622729335934,0.009563359916909092,0.006153928906114239,636,1446135.0795958403
40,2.0,12,0.004099324723589537,0.0034968623186690806,True,0,1.0,0.37535406820341527,0.009058542972909938,0.005551753917094188,636,1441962.6366024169
40,2.0,13,0.0034968623186690806,0.003005194756173224,True,0,1.0,0.33831543563553645,0.00860022826328149,0.0050081588345983604,636,1438139.1311291326
40,2.0,14,0.003005194756173224,0.002603778483121766,True,0,1.0,0.30487859770477216,0.008183409953977636,0.004517680775626283,636,1434657.7182029844
40,2.0,15,0.002603778483121766,0.0022758603176982195,True,0,1.0,0.27470580364437164,0.007803639386230112,0.004075304257450225,636,1431506.9239883835
40,2.0,16,0.0022758603176982195,0.002007788856244419,True,0,1.0,0.24748792749834653,0.007456960105767961,0.0036764423397075063,636,1428672.0920480706
40,2.0,17,0.002007788856244419,0.0017884469206242981,True,0,1.0,0.22294282246760322,0.0071398520353936745,0.003316912901817389,636,1426136.5161161877
40,2.0,18,0.0017884469206242981,0.001608785221721809,True,0,1.0,0.200813547878313,0.006849183141805284,0.0029929122738967325,636,1423882.3116559386
40,2.0,19,0.001608785221721809,0.001461440136587444,True,0,1.0,0.18086655179934027,0.006582167213634752,0.0027009877865028734,636,1421891.0768636663
40,2.0,20,0.001461440136587444,0.0013404210459370125,True,0,1.0,0.1628898672779093,0.0063363266455031065,0.0024380103182918803,636,1420144.3830162503
40,2.0,21,0.0013404210459370125,0.0012408549745367425,True,0,1.0,0.14669136149338655,0.006109459373292414,0.002201147563092211,636,1418624.132675614
40,2.0,22,0.0012408549745367425,0.0011587782935743585,True,0,1.0,0.1320970633621156,0.005899609312148579,0.001987838478187191,636,1417312.8110130327
40,2.0,23,0.0011587782935743585,0.001090966980072272,True,0,1.0,0.11894958508239338,0.005705039809906295,0.0017957691892560564,636,1416193.6581777167
40,2.0,24,0.001090966980072272,0.0010347984044980496,True,0,1.0,0.10710664587835655,0.00552420974720564,0.001622850495773321,636,1415250.7782144127
40,2.0,25,0.0010347984044980496,0.0009881388598206309,True,0,1.0,0.09643970107340136,0.005355752000002269,0.0014671970291483837,636,1414469.2014356514
40,2.0,26,0.0009881388598206309,0.0009492520812733884,True,0,1.0,0.08683267605854014,0.0051984540380735,0.0013271080536871572,636,1413834.9123934938
40,2.0,27,0.0009492520812733884,0.0009167248664344596,True,0,1.0,0.07818080231060329,0.005051240470963026,0.0012010498595337676,636,1413334.8507068346
40,2.0,28,0.0009167248664344596,0.0008894066158114944,True,0,1.0,0.07038955104685864,0.004913157377628823,0.0010876396710121753,636,1412956.8942906857
40,2.0,29,0.0008894066158114944,0.0008663601981137026,True,0,1.0,0.06337365914516112,0.004783358272154696,0.000985630978866259,636,1412689.8292261218
40,2.0,30,0.0008663601981137026,0.0008468220246155012,True,0,1.0,0.057056241441864775,0.004661091568225076,0.0008939001976449958,636,1412523.3101602865
40,2.0,31,0.0008468220246155012,0.0008301696088903743,True,0,1.0,0.0513679833098731,0.004545689413263292,0.0008114345474590496,636,1412447.8161523698
40,2.0,32,0.0008301696088903743,0.0008158952099315275,True,0,1.0,0.046246407427465115,0.0044365577692557796,0.0007373210610316146,636,1412454.6021754264
40,2.0,33,0.0008158952099315275,0.0008035844174272277,True,0,1.0,0.04163520879920029,0.0043331676240157945,0.0006707366210370264,636,1412535.649964701
40,2.0,34,0.0008035844174272277,0.0007928987520153807,True,0,1.0,0.037483652339666114,0.004235047222388168,0.0006109389385299982,636,1412683.6187032752
40,2.0,35,0.0007928987520153807,0.0007835615268096952,True,0,1.0,0.033746027635260044,0.004141775213988986,0.0005572583900096517,636,1412891.7962046685
40,2.0,36,0.0007835615268096952,0.0007753463577562236,True,0,1.0,0.030381155837897557,0.004052974620926838,0.0005090906380662783,636,1413154.0521617122
40,2.0,37,0.0007753463577562236,0.0007680678254269324,True,0,1.0,0.027351943996336572,0.003968307536121396,0.0004658899681879777,636,1413464.7931926395
40,2.0,38,0.0007680678254269324,0.0007615738842087216,True,0,1.0,0.02462498248315088,0.0038874704702496344,0.0004271632818615514,636,1413818.919904366
40,2.0,39,0.0007615738842087216,0.000755739690935564,True,0,1.0,0.022170181520203093,0.003810190272547651,0.0003924646932814533,636,1414211.7869979534
40,2.0,40,0.000755739690935564,0.0007504625862428949,True,0,1.0,0.019960443135669685,0.003736220557912695,0.0003613906834160796,636,1414639.1659711697
